#
# TABLE STRUCTURE FOR: Computer
#

DROP TABLE IF EXISTS `Computer`;

CREATE TABLE `Computer` (
  `id` int(11) NOT NULL AUTO_INCREMENT,
  `Operating_system` varchar(45) COLLATE utf8mb4_unicode_ci DEFAULT NULL,
  `Frequency` varchar(45) COLLATE utf8mb4_unicode_ci DEFAULT NULL,
  `Monitor` varchar(45) COLLATE utf8mb4_unicode_ci DEFAULT NULL,
  `Video_card` varchar(45) COLLATE utf8mb4_unicode_ci DEFAULT NULL,
  `HDD` varchar(45) COLLATE utf8mb4_unicode_ci DEFAULT NULL,
  `Mouse` varchar(45) COLLATE utf8mb4_unicode_ci DEFAULT NULL,
  `Keyboard` varchar(45) COLLATE utf8mb4_unicode_ci DEFAULT NULL,
  `Headphones` varchar(45) COLLATE utf8mb4_unicode_ci DEFAULT NULL,
  PRIMARY KEY (`id`)
) ENGINE=InnoDB AUTO_INCREMENT=101 DEFAULT CHARSET=utf8mb4 COLLATE=utf8mb4_unicode_ci;

INSERT INTO `Computer` (`id`, `Operating_system`, `Frequency`, `Monitor`, `Video_card`, `HDD`, `Mouse`, `Keyboard`, `Headphones`) VALUES (1, 'id', 'dignissimos', 'dicta', 'porro', 'quia', 'et', 'ut', 'omnis');
INSERT INTO `Computer` (`id`, `Operating_system`, `Frequency`, `Monitor`, `Video_card`, `HDD`, `Mouse`, `Keyboard`, `Headphones`) VALUES (2, 'qui', 'non', 'ut', 'voluptas', 'nulla', 'et', 'corrupti', 'quod');
INSERT INTO `Computer` (`id`, `Operating_system`, `Frequency`, `Monitor`, `Video_card`, `HDD`, `Mouse`, `Keyboard`, `Headphones`) VALUES (3, 'nemo', 'doloremque', 'repellat', 'maiores', 'beatae', 'alias', 'voluptatem', 'qui');
INSERT INTO `Computer` (`id`, `Operating_system`, `Frequency`, `Monitor`, `Video_card`, `HDD`, `Mouse`, `Keyboard`, `Headphones`) VALUES (4, 'aliquam', 'eum', 'molestiae', 'ipsum', 'inventore', 'possimus', 'est', 'est');
INSERT INTO `Computer` (`id`, `Operating_system`, `Frequency`, `Monitor`, `Video_card`, `HDD`, `Mouse`, `Keyboard`, `Headphones`) VALUES (5, 'saepe', 'et', 'commodi', 'qui', 'et', 'est', 'aspernatur', 'aliquid');
INSERT INTO `Computer` (`id`, `Operating_system`, `Frequency`, `Monitor`, `Video_card`, `HDD`, `Mouse`, `Keyboard`, `Headphones`) VALUES (6, 'quidem', 'impedit', 'excepturi', 'et', 'possimus', 'autem', 'aperiam', 'harum');
INSERT INTO `Computer` (`id`, `Operating_system`, `Frequency`, `Monitor`, `Video_card`, `HDD`, `Mouse`, `Keyboard`, `Headphones`) VALUES (7, 'aut', 'asperiores', 'consequuntur', 'corrupti', 'ducimus', 'cumque', 'beatae', 'consequuntur');
INSERT INTO `Computer` (`id`, `Operating_system`, `Frequency`, `Monitor`, `Video_card`, `HDD`, `Mouse`, `Keyboard`, `Headphones`) VALUES (8, 'sit', 'delectus', 'hic', 'voluptas', 'atque', 'et', 'architecto', 'aut');
INSERT INTO `Computer` (`id`, `Operating_system`, `Frequency`, `Monitor`, `Video_card`, `HDD`, `Mouse`, `Keyboard`, `Headphones`) VALUES (9, 'fuga', 'necessitatibus', 'rem', 'officia', 'voluptatem', 'quo', 'praesentium', 'ipsa');
INSERT INTO `Computer` (`id`, `Operating_system`, `Frequency`, `Monitor`, `Video_card`, `HDD`, `Mouse`, `Keyboard`, `Headphones`) VALUES (10, 'ad', 'assumenda', 'voluptatibus', 'dolor', 'asperiores', 'vero', 'impedit', 'nostrum');
INSERT INTO `Computer` (`id`, `Operating_system`, `Frequency`, `Monitor`, `Video_card`, `HDD`, `Mouse`, `Keyboard`, `Headphones`) VALUES (11, 'molestiae', 'in', 'corrupti', 'deleniti', 'sunt', 'ut', 'qui', 'amet');
INSERT INTO `Computer` (`id`, `Operating_system`, `Frequency`, `Monitor`, `Video_card`, `HDD`, `Mouse`, `Keyboard`, `Headphones`) VALUES (12, 'sequi', 'autem', 'assumenda', 'dolores', 'voluptas', 'quidem', 'sed', 'nisi');
INSERT INTO `Computer` (`id`, `Operating_system`, `Frequency`, `Monitor`, `Video_card`, `HDD`, `Mouse`, `Keyboard`, `Headphones`) VALUES (13, 'nam', 'eos', 'harum', 'quis', 'corrupti', 'temporibus', 'vel', 'harum');
INSERT INTO `Computer` (`id`, `Operating_system`, `Frequency`, `Monitor`, `Video_card`, `HDD`, `Mouse`, `Keyboard`, `Headphones`) VALUES (14, 'accusantium', 'voluptatem', 'dolores', 'ad', 'quia', 'aut', 'expedita', 'aut');
INSERT INTO `Computer` (`id`, `Operating_system`, `Frequency`, `Monitor`, `Video_card`, `HDD`, `Mouse`, `Keyboard`, `Headphones`) VALUES (15, 'deserunt', 'saepe', 'et', 'error', 'nemo', 'quasi', 'sed', 'et');
INSERT INTO `Computer` (`id`, `Operating_system`, `Frequency`, `Monitor`, `Video_card`, `HDD`, `Mouse`, `Keyboard`, `Headphones`) VALUES (16, 'eum', 'harum', 'aut', 'qui', 'omnis', 'eos', 'ut', 'eos');
INSERT INTO `Computer` (`id`, `Operating_system`, `Frequency`, `Monitor`, `Video_card`, `HDD`, `Mouse`, `Keyboard`, `Headphones`) VALUES (17, 'officiis', 'consectetur', 'at', 'qui', 'neque', 'in', 'est', 'iste');
INSERT INTO `Computer` (`id`, `Operating_system`, `Frequency`, `Monitor`, `Video_card`, `HDD`, `Mouse`, `Keyboard`, `Headphones`) VALUES (18, 'mollitia', 'et', 'accusantium', 'quidem', 'est', 'architecto', 'deserunt', 'soluta');
INSERT INTO `Computer` (`id`, `Operating_system`, `Frequency`, `Monitor`, `Video_card`, `HDD`, `Mouse`, `Keyboard`, `Headphones`) VALUES (19, 'recusandae', 'sed', 'ea', 'porro', 'esse', 'explicabo', 'ut', 'omnis');
INSERT INTO `Computer` (`id`, `Operating_system`, `Frequency`, `Monitor`, `Video_card`, `HDD`, `Mouse`, `Keyboard`, `Headphones`) VALUES (20, 'sit', 'deleniti', 'quaerat', 'voluptatem', 'voluptatibus', 'velit', 'nam', 'magnam');
INSERT INTO `Computer` (`id`, `Operating_system`, `Frequency`, `Monitor`, `Video_card`, `HDD`, `Mouse`, `Keyboard`, `Headphones`) VALUES (21, 'ratione', 'doloremque', 'quam', 'aperiam', 'repellat', 'saepe', 'qui', 'aut');
INSERT INTO `Computer` (`id`, `Operating_system`, `Frequency`, `Monitor`, `Video_card`, `HDD`, `Mouse`, `Keyboard`, `Headphones`) VALUES (22, 'hic', 'occaecati', 'doloremque', 'aut', 'ut', 'aut', 'nesciunt', 'officiis');
INSERT INTO `Computer` (`id`, `Operating_system`, `Frequency`, `Monitor`, `Video_card`, `HDD`, `Mouse`, `Keyboard`, `Headphones`) VALUES (23, 'nam', 'dignissimos', 'vel', 'illum', 'consequatur', 'iste', 'officia', 'id');
INSERT INTO `Computer` (`id`, `Operating_system`, `Frequency`, `Monitor`, `Video_card`, `HDD`, `Mouse`, `Keyboard`, `Headphones`) VALUES (24, 'totam', 'ut', 'dolore', 'sint', 'sunt', 'alias', 'dolores', 'tempora');
INSERT INTO `Computer` (`id`, `Operating_system`, `Frequency`, `Monitor`, `Video_card`, `HDD`, `Mouse`, `Keyboard`, `Headphones`) VALUES (25, 'ducimus', 'asperiores', 'consectetur', 'consequatur', 'nihil', 'repellat', 'voluptatem', 'et');
INSERT INTO `Computer` (`id`, `Operating_system`, `Frequency`, `Monitor`, `Video_card`, `HDD`, `Mouse`, `Keyboard`, `Headphones`) VALUES (26, 'id', 'fugit', 'debitis', 'ut', 'ducimus', 'ut', 'sed', 'ab');
INSERT INTO `Computer` (`id`, `Operating_system`, `Frequency`, `Monitor`, `Video_card`, `HDD`, `Mouse`, `Keyboard`, `Headphones`) VALUES (27, 'nesciunt', 'dicta', 'voluptatem', 'consectetur', 'magnam', 'sit', 'suscipit', 'quo');
INSERT INTO `Computer` (`id`, `Operating_system`, `Frequency`, `Monitor`, `Video_card`, `HDD`, `Mouse`, `Keyboard`, `Headphones`) VALUES (28, 'enim', 'quia', 'minima', 'nesciunt', 'qui', 'architecto', 'odio', 'tempora');
INSERT INTO `Computer` (`id`, `Operating_system`, `Frequency`, `Monitor`, `Video_card`, `HDD`, `Mouse`, `Keyboard`, `Headphones`) VALUES (29, 'non', 'ea', 'expedita', 'a', 'reprehenderit', 'asperiores', 'occaecati', 'itaque');
INSERT INTO `Computer` (`id`, `Operating_system`, `Frequency`, `Monitor`, `Video_card`, `HDD`, `Mouse`, `Keyboard`, `Headphones`) VALUES (30, 'temporibus', 'consectetur', 'autem', 'vitae', 'unde', 'consequatur', 'labore', 'velit');
INSERT INTO `Computer` (`id`, `Operating_system`, `Frequency`, `Monitor`, `Video_card`, `HDD`, `Mouse`, `Keyboard`, `Headphones`) VALUES (31, 'dolores', 'sed', 'sed', 'ratione', 'omnis', 'veritatis', 'aut', 'aperiam');
INSERT INTO `Computer` (`id`, `Operating_system`, `Frequency`, `Monitor`, `Video_card`, `HDD`, `Mouse`, `Keyboard`, `Headphones`) VALUES (32, 'sint', 'sunt', 'quasi', 'laboriosam', 'ipsam', 'voluptate', 'ut', 'maxime');
INSERT INTO `Computer` (`id`, `Operating_system`, `Frequency`, `Monitor`, `Video_card`, `HDD`, `Mouse`, `Keyboard`, `Headphones`) VALUES (33, 'enim', 'est', 'aliquam', 'quos', 'voluptatem', 'vero', 'distinctio', 'dolor');
INSERT INTO `Computer` (`id`, `Operating_system`, `Frequency`, `Monitor`, `Video_card`, `HDD`, `Mouse`, `Keyboard`, `Headphones`) VALUES (34, 'sint', 'perspiciatis', 'consequatur', 'aliquid', 'corporis', 'sunt', 'molestiae', 'dolorem');
INSERT INTO `Computer` (`id`, `Operating_system`, `Frequency`, `Monitor`, `Video_card`, `HDD`, `Mouse`, `Keyboard`, `Headphones`) VALUES (35, 'quae', 'aliquid', 'et', 'quidem', 'aut', 'blanditiis', 'voluptate', 'tempore');
INSERT INTO `Computer` (`id`, `Operating_system`, `Frequency`, `Monitor`, `Video_card`, `HDD`, `Mouse`, `Keyboard`, `Headphones`) VALUES (36, 'autem', 'occaecati', 'quia', 'pariatur', 'non', 'itaque', 'sed', 'et');
INSERT INTO `Computer` (`id`, `Operating_system`, `Frequency`, `Monitor`, `Video_card`, `HDD`, `Mouse`, `Keyboard`, `Headphones`) VALUES (37, 'nihil', 'minus', 'sequi', 'est', 'voluptatum', 'veniam', 'iure', 'quo');
INSERT INTO `Computer` (`id`, `Operating_system`, `Frequency`, `Monitor`, `Video_card`, `HDD`, `Mouse`, `Keyboard`, `Headphones`) VALUES (38, 'dolores', 'ratione', 'ipsum', 'dolor', 'ad', 'in', 'voluptas', 'quae');
INSERT INTO `Computer` (`id`, `Operating_system`, `Frequency`, `Monitor`, `Video_card`, `HDD`, `Mouse`, `Keyboard`, `Headphones`) VALUES (39, 'assumenda', 'totam', 'et', 'aut', 'beatae', 'beatae', 'unde', 'aut');
INSERT INTO `Computer` (`id`, `Operating_system`, `Frequency`, `Monitor`, `Video_card`, `HDD`, `Mouse`, `Keyboard`, `Headphones`) VALUES (40, 'non', 'repellendus', 'fugit', 'beatae', 'temporibus', 'quis', 'et', 'accusantium');
INSERT INTO `Computer` (`id`, `Operating_system`, `Frequency`, `Monitor`, `Video_card`, `HDD`, `Mouse`, `Keyboard`, `Headphones`) VALUES (41, 'ad', 'et', 'voluptatem', 'consequatur', 'itaque', 'repellat', 'nostrum', 'porro');
INSERT INTO `Computer` (`id`, `Operating_system`, `Frequency`, `Monitor`, `Video_card`, `HDD`, `Mouse`, `Keyboard`, `Headphones`) VALUES (42, 'consequatur', 'consectetur', 'facere', 'aut', 'aut', 'sed', 'aperiam', 'enim');
INSERT INTO `Computer` (`id`, `Operating_system`, `Frequency`, `Monitor`, `Video_card`, `HDD`, `Mouse`, `Keyboard`, `Headphones`) VALUES (43, 'quidem', 'delectus', 'sit', 'quas', 'hic', 'in', 'ipsa', 'repellendus');
INSERT INTO `Computer` (`id`, `Operating_system`, `Frequency`, `Monitor`, `Video_card`, `HDD`, `Mouse`, `Keyboard`, `Headphones`) VALUES (44, 'sunt', 'explicabo', 'est', 'non', 'ratione', 'rerum', 'molestiae', 'temporibus');
INSERT INTO `Computer` (`id`, `Operating_system`, `Frequency`, `Monitor`, `Video_card`, `HDD`, `Mouse`, `Keyboard`, `Headphones`) VALUES (45, 'quia', 'quis', 'consequuntur', 'dolorum', 'quas', 'repellendus', 'voluptates', 'minus');
INSERT INTO `Computer` (`id`, `Operating_system`, `Frequency`, `Monitor`, `Video_card`, `HDD`, `Mouse`, `Keyboard`, `Headphones`) VALUES (46, 'iusto', 'soluta', 'tenetur', 'vitae', 'perferendis', 'voluptatibus', 'est', 'molestiae');
INSERT INTO `Computer` (`id`, `Operating_system`, `Frequency`, `Monitor`, `Video_card`, `HDD`, `Mouse`, `Keyboard`, `Headphones`) VALUES (47, 'in', 'est', 'sunt', 'amet', 'maiores', 'similique', 'praesentium', 'esse');
INSERT INTO `Computer` (`id`, `Operating_system`, `Frequency`, `Monitor`, `Video_card`, `HDD`, `Mouse`, `Keyboard`, `Headphones`) VALUES (48, 'explicabo', 'quo', 'earum', 'illum', 'aut', 'in', 'veniam', 'minima');
INSERT INTO `Computer` (`id`, `Operating_system`, `Frequency`, `Monitor`, `Video_card`, `HDD`, `Mouse`, `Keyboard`, `Headphones`) VALUES (49, 'excepturi', 'mollitia', 'eos', 'vel', 'atque', 'magnam', 'excepturi', 'aut');
INSERT INTO `Computer` (`id`, `Operating_system`, `Frequency`, `Monitor`, `Video_card`, `HDD`, `Mouse`, `Keyboard`, `Headphones`) VALUES (50, 'corrupti', 'facilis', 'in', 'incidunt', 'libero', 'tempore', 'aut', 'at');
INSERT INTO `Computer` (`id`, `Operating_system`, `Frequency`, `Monitor`, `Video_card`, `HDD`, `Mouse`, `Keyboard`, `Headphones`) VALUES (51, 'velit', 'corporis', 'itaque', 'autem', 'voluptas', 'molestiae', 'corporis', 'vitae');
INSERT INTO `Computer` (`id`, `Operating_system`, `Frequency`, `Monitor`, `Video_card`, `HDD`, `Mouse`, `Keyboard`, `Headphones`) VALUES (52, 'iste', 'aut', 'labore', 'quos', 'neque', 'ipsam', 'voluptatem', 'reiciendis');
INSERT INTO `Computer` (`id`, `Operating_system`, `Frequency`, `Monitor`, `Video_card`, `HDD`, `Mouse`, `Keyboard`, `Headphones`) VALUES (53, 'fuga', 'qui', 'qui', 'sunt', 'reiciendis', 'et', 'nulla', 'et');
INSERT INTO `Computer` (`id`, `Operating_system`, `Frequency`, `Monitor`, `Video_card`, `HDD`, `Mouse`, `Keyboard`, `Headphones`) VALUES (54, 'necessitatibus', 'modi', 'est', 'suscipit', 'culpa', 'sapiente', 'sunt', 'quia');
INSERT INTO `Computer` (`id`, `Operating_system`, `Frequency`, `Monitor`, `Video_card`, `HDD`, `Mouse`, `Keyboard`, `Headphones`) VALUES (55, 'amet', 'accusantium', 'eum', 'tenetur', 'pariatur', 'cumque', 'distinctio', 'voluptates');
INSERT INTO `Computer` (`id`, `Operating_system`, `Frequency`, `Monitor`, `Video_card`, `HDD`, `Mouse`, `Keyboard`, `Headphones`) VALUES (56, 'eum', 'qui', 'dolore', 'est', 'voluptates', 'quia', 'expedita', 'voluptas');
INSERT INTO `Computer` (`id`, `Operating_system`, `Frequency`, `Monitor`, `Video_card`, `HDD`, `Mouse`, `Keyboard`, `Headphones`) VALUES (57, 'at', 'tempora', 'error', 'laudantium', 'veniam', 'sed', 'praesentium', 'in');
INSERT INTO `Computer` (`id`, `Operating_system`, `Frequency`, `Monitor`, `Video_card`, `HDD`, `Mouse`, `Keyboard`, `Headphones`) VALUES (58, 'nam', 'accusantium', 'perspiciatis', 'autem', 'velit', 'excepturi', 'odio', 'quidem');
INSERT INTO `Computer` (`id`, `Operating_system`, `Frequency`, `Monitor`, `Video_card`, `HDD`, `Mouse`, `Keyboard`, `Headphones`) VALUES (59, 'maxime', 'fuga', 'non', 'dicta', 'eum', 'eligendi', 'qui', 'quidem');
INSERT INTO `Computer` (`id`, `Operating_system`, `Frequency`, `Monitor`, `Video_card`, `HDD`, `Mouse`, `Keyboard`, `Headphones`) VALUES (60, 'et', 'laudantium', 'qui', 'molestiae', 'sit', 'autem', 'soluta', 'et');
INSERT INTO `Computer` (`id`, `Operating_system`, `Frequency`, `Monitor`, `Video_card`, `HDD`, `Mouse`, `Keyboard`, `Headphones`) VALUES (61, 'accusantium', 'est', 'cupiditate', 'ex', 'eos', 'aperiam', 'rerum', 'et');
INSERT INTO `Computer` (`id`, `Operating_system`, `Frequency`, `Monitor`, `Video_card`, `HDD`, `Mouse`, `Keyboard`, `Headphones`) VALUES (62, 'nihil', 'ex', 'harum', 'iste', 'hic', 'accusantium', 'autem', 'nam');
INSERT INTO `Computer` (`id`, `Operating_system`, `Frequency`, `Monitor`, `Video_card`, `HDD`, `Mouse`, `Keyboard`, `Headphones`) VALUES (63, 'et', 'rerum', 'enim', 'nisi', 'animi', 'nisi', 'consequatur', 'sunt');
INSERT INTO `Computer` (`id`, `Operating_system`, `Frequency`, `Monitor`, `Video_card`, `HDD`, `Mouse`, `Keyboard`, `Headphones`) VALUES (64, 'modi', 'sit', 'voluptatum', 'architecto', 'blanditiis', 'animi', 'dolore', 'illo');
INSERT INTO `Computer` (`id`, `Operating_system`, `Frequency`, `Monitor`, `Video_card`, `HDD`, `Mouse`, `Keyboard`, `Headphones`) VALUES (65, 'ab', 'explicabo', 'consequuntur', 'voluptatem', 'dolorum', 'quidem', 'corporis', 'aut');
INSERT INTO `Computer` (`id`, `Operating_system`, `Frequency`, `Monitor`, `Video_card`, `HDD`, `Mouse`, `Keyboard`, `Headphones`) VALUES (66, 'nihil', 'molestiae', 'quibusdam', 'libero', 'blanditiis', 'et', 'sunt', 'enim');
INSERT INTO `Computer` (`id`, `Operating_system`, `Frequency`, `Monitor`, `Video_card`, `HDD`, `Mouse`, `Keyboard`, `Headphones`) VALUES (67, 'est', 'perspiciatis', 'sunt', 'laudantium', 'aliquid', 'et', 'nostrum', 'harum');
INSERT INTO `Computer` (`id`, `Operating_system`, `Frequency`, `Monitor`, `Video_card`, `HDD`, `Mouse`, `Keyboard`, `Headphones`) VALUES (68, 'sit', 'aliquid', 'vel', 'laborum', 'ratione', 'animi', 'natus', 'ut');
INSERT INTO `Computer` (`id`, `Operating_system`, `Frequency`, `Monitor`, `Video_card`, `HDD`, `Mouse`, `Keyboard`, `Headphones`) VALUES (69, 'architecto', 'quod', 'in', 'nam', 'in', 'deserunt', 'nisi', 'velit');
INSERT INTO `Computer` (`id`, `Operating_system`, `Frequency`, `Monitor`, `Video_card`, `HDD`, `Mouse`, `Keyboard`, `Headphones`) VALUES (70, 'modi', 'consequuntur', 'vel', 'odit', 'sed', 'qui', 'deserunt', 'nesciunt');
INSERT INTO `Computer` (`id`, `Operating_system`, `Frequency`, `Monitor`, `Video_card`, `HDD`, `Mouse`, `Keyboard`, `Headphones`) VALUES (71, 'harum', 'voluptas', 'voluptatem', 'cumque', 'eum', 'facere', 'et', 'deserunt');
INSERT INTO `Computer` (`id`, `Operating_system`, `Frequency`, `Monitor`, `Video_card`, `HDD`, `Mouse`, `Keyboard`, `Headphones`) VALUES (72, 'sed', 'ut', 'expedita', 'tempore', 'laboriosam', 'quia', 'incidunt', 'mollitia');
INSERT INTO `Computer` (`id`, `Operating_system`, `Frequency`, `Monitor`, `Video_card`, `HDD`, `Mouse`, `Keyboard`, `Headphones`) VALUES (73, 'nihil', 'alias', 'id', 'voluptatem', 'cupiditate', 'autem', 'consequatur', 'fuga');
INSERT INTO `Computer` (`id`, `Operating_system`, `Frequency`, `Monitor`, `Video_card`, `HDD`, `Mouse`, `Keyboard`, `Headphones`) VALUES (74, 'non', 'provident', 'sequi', 'quidem', 'provident', 'ad', 'qui', 'aut');
INSERT INTO `Computer` (`id`, `Operating_system`, `Frequency`, `Monitor`, `Video_card`, `HDD`, `Mouse`, `Keyboard`, `Headphones`) VALUES (75, 'quibusdam', 'quidem', 'libero', 'asperiores', 'maiores', 'quos', 'esse', 'natus');
INSERT INTO `Computer` (`id`, `Operating_system`, `Frequency`, `Monitor`, `Video_card`, `HDD`, `Mouse`, `Keyboard`, `Headphones`) VALUES (76, 'reiciendis', 'minus', 'illum', 'quibusdam', 'rerum', 'beatae', 'facilis', 'mollitia');
INSERT INTO `Computer` (`id`, `Operating_system`, `Frequency`, `Monitor`, `Video_card`, `HDD`, `Mouse`, `Keyboard`, `Headphones`) VALUES (77, 'ut', 'sit', 'voluptatem', 'dicta', 'rerum', 'officiis', 'voluptatibus', 'tenetur');
INSERT INTO `Computer` (`id`, `Operating_system`, `Frequency`, `Monitor`, `Video_card`, `HDD`, `Mouse`, `Keyboard`, `Headphones`) VALUES (78, 'et', 'repudiandae', 'consequatur', 'est', 'quaerat', 'illum', 'iusto', 'sint');
INSERT INTO `Computer` (`id`, `Operating_system`, `Frequency`, `Monitor`, `Video_card`, `HDD`, `Mouse`, `Keyboard`, `Headphones`) VALUES (79, 'porro', 'enim', 'similique', 'totam', 'a', 'sed', 'repudiandae', 'magnam');
INSERT INTO `Computer` (`id`, `Operating_system`, `Frequency`, `Monitor`, `Video_card`, `HDD`, `Mouse`, `Keyboard`, `Headphones`) VALUES (80, 'tempora', 'consectetur', 'quis', 'vero', 'quis', 'reprehenderit', 'accusamus', 'est');
INSERT INTO `Computer` (`id`, `Operating_system`, `Frequency`, `Monitor`, `Video_card`, `HDD`, `Mouse`, `Keyboard`, `Headphones`) VALUES (81, 'quis', 'eum', 'laboriosam', 'sapiente', 'ipsam', 'velit', 'eaque', 'reprehenderit');
INSERT INTO `Computer` (`id`, `Operating_system`, `Frequency`, `Monitor`, `Video_card`, `HDD`, `Mouse`, `Keyboard`, `Headphones`) VALUES (82, 'molestiae', 'sunt', 'aspernatur', 'sunt', 'reiciendis', 'eos', 'aliquid', 'in');
INSERT INTO `Computer` (`id`, `Operating_system`, `Frequency`, `Monitor`, `Video_card`, `HDD`, `Mouse`, `Keyboard`, `Headphones`) VALUES (83, 'assumenda', 'laudantium', 'ab', 'ut', 'voluptatem', 'debitis', 'dolores', 'et');
INSERT INTO `Computer` (`id`, `Operating_system`, `Frequency`, `Monitor`, `Video_card`, `HDD`, `Mouse`, `Keyboard`, `Headphones`) VALUES (84, 'et', 'et', 'adipisci', 'ut', 'error', 'accusamus', 'dolore', 'corporis');
INSERT INTO `Computer` (`id`, `Operating_system`, `Frequency`, `Monitor`, `Video_card`, `HDD`, `Mouse`, `Keyboard`, `Headphones`) VALUES (85, 'architecto', 'ut', 'libero', 'repellat', 'qui', 'dolorem', 'et', 'libero');
INSERT INTO `Computer` (`id`, `Operating_system`, `Frequency`, `Monitor`, `Video_card`, `HDD`, `Mouse`, `Keyboard`, `Headphones`) VALUES (86, 'cumque', 'dolores', 'ut', 'velit', 'omnis', 'placeat', 'consectetur', 'ea');
INSERT INTO `Computer` (`id`, `Operating_system`, `Frequency`, `Monitor`, `Video_card`, `HDD`, `Mouse`, `Keyboard`, `Headphones`) VALUES (87, 'et', 'et', 'consequatur', 'aliquid', 'tempora', 'harum', 'odit', 'possimus');
INSERT INTO `Computer` (`id`, `Operating_system`, `Frequency`, `Monitor`, `Video_card`, `HDD`, `Mouse`, `Keyboard`, `Headphones`) VALUES (88, 'impedit', 'vitae', 'voluptatem', 'saepe', 'laboriosam', 'quaerat', 'repellendus', 'rem');
INSERT INTO `Computer` (`id`, `Operating_system`, `Frequency`, `Monitor`, `Video_card`, `HDD`, `Mouse`, `Keyboard`, `Headphones`) VALUES (89, 'laudantium', 'libero', 'doloribus', 'in', 'velit', 'in', 'temporibus', 'odit');
INSERT INTO `Computer` (`id`, `Operating_system`, `Frequency`, `Monitor`, `Video_card`, `HDD`, `Mouse`, `Keyboard`, `Headphones`) VALUES (90, 'repudiandae', 'voluptas', 'excepturi', 'repellendus', 'quaerat', 'rerum', 'qui', 'fugit');
INSERT INTO `Computer` (`id`, `Operating_system`, `Frequency`, `Monitor`, `Video_card`, `HDD`, `Mouse`, `Keyboard`, `Headphones`) VALUES (91, 'quis', 'numquam', 'velit', 'dolore', 'optio', 'aut', 'aliquid', 'cupiditate');
INSERT INTO `Computer` (`id`, `Operating_system`, `Frequency`, `Monitor`, `Video_card`, `HDD`, `Mouse`, `Keyboard`, `Headphones`) VALUES (92, 'ipsum', 'ut', 'est', 'quam', 'qui', 'doloribus', 'eum', 'tempore');
INSERT INTO `Computer` (`id`, `Operating_system`, `Frequency`, `Monitor`, `Video_card`, `HDD`, `Mouse`, `Keyboard`, `Headphones`) VALUES (93, 'aut', 'distinctio', 'enim', 'dolorem', 'ea', 'illum', 'ea', 'veritatis');
INSERT INTO `Computer` (`id`, `Operating_system`, `Frequency`, `Monitor`, `Video_card`, `HDD`, `Mouse`, `Keyboard`, `Headphones`) VALUES (94, 'occaecati', 'est', 'dolorem', 'libero', 'culpa', 'odit', 'voluptas', 'a');
INSERT INTO `Computer` (`id`, `Operating_system`, `Frequency`, `Monitor`, `Video_card`, `HDD`, `Mouse`, `Keyboard`, `Headphones`) VALUES (95, 'aut', 'at', 'libero', 'qui', 'voluptatem', 'ut', 'quo', 'nihil');
INSERT INTO `Computer` (`id`, `Operating_system`, `Frequency`, `Monitor`, `Video_card`, `HDD`, `Mouse`, `Keyboard`, `Headphones`) VALUES (96, 'doloremque', 'accusamus', 'dicta', 'praesentium', 'qui', 'autem', 'voluptate', 'quia');
INSERT INTO `Computer` (`id`, `Operating_system`, `Frequency`, `Monitor`, `Video_card`, `HDD`, `Mouse`, `Keyboard`, `Headphones`) VALUES (97, 'rerum', 'iste', 'unde', 'soluta', 'delectus', 'in', 'dolor', 'laboriosam');
INSERT INTO `Computer` (`id`, `Operating_system`, `Frequency`, `Monitor`, `Video_card`, `HDD`, `Mouse`, `Keyboard`, `Headphones`) VALUES (98, 'cupiditate', 'et', 'labore', 'sint', 'dolores', 'nostrum', 'temporibus', 'ab');
INSERT INTO `Computer` (`id`, `Operating_system`, `Frequency`, `Monitor`, `Video_card`, `HDD`, `Mouse`, `Keyboard`, `Headphones`) VALUES (99, 'amet', 'architecto', 'alias', 'et', 'dolor', 'ut', 'non', 'explicabo');
INSERT INTO `Computer` (`id`, `Operating_system`, `Frequency`, `Monitor`, `Video_card`, `HDD`, `Mouse`, `Keyboard`, `Headphones`) VALUES (100, 'tempora', 'qui', 'mollitia', 'et', 'necessitatibus', 'quo', 'impedit', 'nisi');


#
# TABLE STRUCTURE FOR: Consoles
#

DROP TABLE IF EXISTS `Consoles`;

CREATE TABLE `Consoles` (
  `id` int(11) NOT NULL AUTO_INCREMENT,
  `Type` varchar(45) COLLATE utf8mb4_unicode_ci DEFAULT NULL,
  `Generation` varchar(45) COLLATE utf8mb4_unicode_ci DEFAULT NULL,
  PRIMARY KEY (`id`)
) ENGINE=InnoDB AUTO_INCREMENT=101 DEFAULT CHARSET=utf8mb4 COLLATE=utf8mb4_unicode_ci;

INSERT INTO `Consoles` (`id`, `Type`, `Generation`) VALUES (1, '', 'animi');
INSERT INTO `Consoles` (`id`, `Type`, `Generation`) VALUES (2, '4', 'molestiae');
INSERT INTO `Consoles` (`id`, `Type`, `Generation`) VALUES (3, '5', 'doloribus');
INSERT INTO `Consoles` (`id`, `Type`, `Generation`) VALUES (4, '1', 'necessitatibus');
INSERT INTO `Consoles` (`id`, `Type`, `Generation`) VALUES (5, '6', 'velit');
INSERT INTO `Consoles` (`id`, `Type`, `Generation`) VALUES (6, '', 'ex');
INSERT INTO `Consoles` (`id`, `Type`, `Generation`) VALUES (7, '3', 'autem');
INSERT INTO `Consoles` (`id`, `Type`, `Generation`) VALUES (8, '9', 'reprehenderit');
INSERT INTO `Consoles` (`id`, `Type`, `Generation`) VALUES (9, '8', 'neque');
INSERT INTO `Consoles` (`id`, `Type`, `Generation`) VALUES (10, '3', 'quod');
INSERT INTO `Consoles` (`id`, `Type`, `Generation`) VALUES (11, '5', 'tempore');
INSERT INTO `Consoles` (`id`, `Type`, `Generation`) VALUES (12, '4', 'nostrum');
INSERT INTO `Consoles` (`id`, `Type`, `Generation`) VALUES (13, '6', 'qui');
INSERT INTO `Consoles` (`id`, `Type`, `Generation`) VALUES (14, '8', 'iure');
INSERT INTO `Consoles` (`id`, `Type`, `Generation`) VALUES (15, '5', 'cumque');
INSERT INTO `Consoles` (`id`, `Type`, `Generation`) VALUES (16, '4', 'sed');
INSERT INTO `Consoles` (`id`, `Type`, `Generation`) VALUES (17, '', 'iusto');
INSERT INTO `Consoles` (`id`, `Type`, `Generation`) VALUES (18, '2', 'quia');
INSERT INTO `Consoles` (`id`, `Type`, `Generation`) VALUES (19, '7', 'odio');
INSERT INTO `Consoles` (`id`, `Type`, `Generation`) VALUES (20, '7', 'dolores');
INSERT INTO `Consoles` (`id`, `Type`, `Generation`) VALUES (21, '8', 'soluta');
INSERT INTO `Consoles` (`id`, `Type`, `Generation`) VALUES (22, '', 'quod');
INSERT INTO `Consoles` (`id`, `Type`, `Generation`) VALUES (23, '9', 'odit');
INSERT INTO `Consoles` (`id`, `Type`, `Generation`) VALUES (24, '', 'ad');
INSERT INTO `Consoles` (`id`, `Type`, `Generation`) VALUES (25, '4', 'sed');
INSERT INTO `Consoles` (`id`, `Type`, `Generation`) VALUES (26, '', 'id');
INSERT INTO `Consoles` (`id`, `Type`, `Generation`) VALUES (27, '', 'velit');
INSERT INTO `Consoles` (`id`, `Type`, `Generation`) VALUES (28, '5', 'ut');
INSERT INTO `Consoles` (`id`, `Type`, `Generation`) VALUES (29, '', 'autem');
INSERT INTO `Consoles` (`id`, `Type`, `Generation`) VALUES (30, '6', 'vero');
INSERT INTO `Consoles` (`id`, `Type`, `Generation`) VALUES (31, '1', 'voluptatem');
INSERT INTO `Consoles` (`id`, `Type`, `Generation`) VALUES (32, '4', 'et');
INSERT INTO `Consoles` (`id`, `Type`, `Generation`) VALUES (33, '3', 'minus');
INSERT INTO `Consoles` (`id`, `Type`, `Generation`) VALUES (34, '8', 'sapiente');
INSERT INTO `Consoles` (`id`, `Type`, `Generation`) VALUES (35, '5', 'at');
INSERT INTO `Consoles` (`id`, `Type`, `Generation`) VALUES (36, '5', 'omnis');
INSERT INTO `Consoles` (`id`, `Type`, `Generation`) VALUES (37, '9', 'distinctio');
INSERT INTO `Consoles` (`id`, `Type`, `Generation`) VALUES (38, '', 'ad');
INSERT INTO `Consoles` (`id`, `Type`, `Generation`) VALUES (39, '', 'natus');
INSERT INTO `Consoles` (`id`, `Type`, `Generation`) VALUES (40, '2', 'dolore');
INSERT INTO `Consoles` (`id`, `Type`, `Generation`) VALUES (41, '5', 'deserunt');
INSERT INTO `Consoles` (`id`, `Type`, `Generation`) VALUES (42, '2', 'quaerat');
INSERT INTO `Consoles` (`id`, `Type`, `Generation`) VALUES (43, '6', 'sed');
INSERT INTO `Consoles` (`id`, `Type`, `Generation`) VALUES (44, '9', 'deserunt');
INSERT INTO `Consoles` (`id`, `Type`, `Generation`) VALUES (45, '', 'id');
INSERT INTO `Consoles` (`id`, `Type`, `Generation`) VALUES (46, '1', 'et');
INSERT INTO `Consoles` (`id`, `Type`, `Generation`) VALUES (47, '4', 'laboriosam');
INSERT INTO `Consoles` (`id`, `Type`, `Generation`) VALUES (48, '5', 'dolores');
INSERT INTO `Consoles` (`id`, `Type`, `Generation`) VALUES (49, '1', 'iusto');
INSERT INTO `Consoles` (`id`, `Type`, `Generation`) VALUES (50, '1', 'quia');
INSERT INTO `Consoles` (`id`, `Type`, `Generation`) VALUES (51, '9', 'et');
INSERT INTO `Consoles` (`id`, `Type`, `Generation`) VALUES (52, '9', 'nihil');
INSERT INTO `Consoles` (`id`, `Type`, `Generation`) VALUES (53, '4', 'voluptatem');
INSERT INTO `Consoles` (`id`, `Type`, `Generation`) VALUES (54, '6', 'labore');
INSERT INTO `Consoles` (`id`, `Type`, `Generation`) VALUES (55, '7', 'quis');
INSERT INTO `Consoles` (`id`, `Type`, `Generation`) VALUES (56, '9', 'dignissimos');
INSERT INTO `Consoles` (`id`, `Type`, `Generation`) VALUES (57, '8', 'sed');
INSERT INTO `Consoles` (`id`, `Type`, `Generation`) VALUES (58, '7', 'voluptatibus');
INSERT INTO `Consoles` (`id`, `Type`, `Generation`) VALUES (59, '5', 'distinctio');
INSERT INTO `Consoles` (`id`, `Type`, `Generation`) VALUES (60, '2', 'velit');
INSERT INTO `Consoles` (`id`, `Type`, `Generation`) VALUES (61, '4', 'quia');
INSERT INTO `Consoles` (`id`, `Type`, `Generation`) VALUES (62, '1', 'dolorem');
INSERT INTO `Consoles` (`id`, `Type`, `Generation`) VALUES (63, '', 'amet');
INSERT INTO `Consoles` (`id`, `Type`, `Generation`) VALUES (64, '8', 'id');
INSERT INTO `Consoles` (`id`, `Type`, `Generation`) VALUES (65, '6', 'tenetur');
INSERT INTO `Consoles` (`id`, `Type`, `Generation`) VALUES (66, '3', 'soluta');
INSERT INTO `Consoles` (`id`, `Type`, `Generation`) VALUES (67, '2', 'et');
INSERT INTO `Consoles` (`id`, `Type`, `Generation`) VALUES (68, '1', 'aspernatur');
INSERT INTO `Consoles` (`id`, `Type`, `Generation`) VALUES (69, '7', 'voluptas');
INSERT INTO `Consoles` (`id`, `Type`, `Generation`) VALUES (70, '3', 'aut');
INSERT INTO `Consoles` (`id`, `Type`, `Generation`) VALUES (71, '4', 'qui');
INSERT INTO `Consoles` (`id`, `Type`, `Generation`) VALUES (72, '5', 'impedit');
INSERT INTO `Consoles` (`id`, `Type`, `Generation`) VALUES (73, '', 'tempore');
INSERT INTO `Consoles` (`id`, `Type`, `Generation`) VALUES (74, '9', 'sit');
INSERT INTO `Consoles` (`id`, `Type`, `Generation`) VALUES (75, '7', 'officiis');
INSERT INTO `Consoles` (`id`, `Type`, `Generation`) VALUES (76, '3', 'illo');
INSERT INTO `Consoles` (`id`, `Type`, `Generation`) VALUES (77, '6', 'voluptas');
INSERT INTO `Consoles` (`id`, `Type`, `Generation`) VALUES (78, '9', 'quam');
INSERT INTO `Consoles` (`id`, `Type`, `Generation`) VALUES (79, '9', 'quia');
INSERT INTO `Consoles` (`id`, `Type`, `Generation`) VALUES (80, '4', 'inventore');
INSERT INTO `Consoles` (`id`, `Type`, `Generation`) VALUES (81, '7', 'veritatis');
INSERT INTO `Consoles` (`id`, `Type`, `Generation`) VALUES (82, '7', 'eos');
INSERT INTO `Consoles` (`id`, `Type`, `Generation`) VALUES (83, '5', 'suscipit');
INSERT INTO `Consoles` (`id`, `Type`, `Generation`) VALUES (84, '4', 'quidem');
INSERT INTO `Consoles` (`id`, `Type`, `Generation`) VALUES (85, '3', 'et');
INSERT INTO `Consoles` (`id`, `Type`, `Generation`) VALUES (86, '5', 'ad');
INSERT INTO `Consoles` (`id`, `Type`, `Generation`) VALUES (87, '8', 'nam');
INSERT INTO `Consoles` (`id`, `Type`, `Generation`) VALUES (88, '3', 'sunt');
INSERT INTO `Consoles` (`id`, `Type`, `Generation`) VALUES (89, '2', 'maxime');
INSERT INTO `Consoles` (`id`, `Type`, `Generation`) VALUES (90, '', 'molestiae');
INSERT INTO `Consoles` (`id`, `Type`, `Generation`) VALUES (91, '6', 'nisi');
INSERT INTO `Consoles` (`id`, `Type`, `Generation`) VALUES (92, '9', 'vel');
INSERT INTO `Consoles` (`id`, `Type`, `Generation`) VALUES (93, '1', 'placeat');
INSERT INTO `Consoles` (`id`, `Type`, `Generation`) VALUES (94, '3', 'aut');
INSERT INTO `Consoles` (`id`, `Type`, `Generation`) VALUES (95, '', 'itaque');
INSERT INTO `Consoles` (`id`, `Type`, `Generation`) VALUES (96, '6', 'officia');
INSERT INTO `Consoles` (`id`, `Type`, `Generation`) VALUES (97, '', 'commodi');
INSERT INTO `Consoles` (`id`, `Type`, `Generation`) VALUES (98, '', 'cum');
INSERT INTO `Consoles` (`id`, `Type`, `Generation`) VALUES (99, '4', 'dicta');
INSERT INTO `Consoles` (`id`, `Type`, `Generation`) VALUES (100, '9', 'qui');


#
# TABLE STRUCTURE FOR: Employees
#

DROP TABLE IF EXISTS `Employees`;

CREATE TABLE `Employees` (
  `id` int(11) NOT NULL AUTO_INCREMENT,
  `Full_name` varchar(45) COLLATE utf8mb4_unicode_ci DEFAULT NULL,
  `Address` varchar(45) COLLATE utf8mb4_unicode_ci DEFAULT NULL,
  `Income` varchar(45) COLLATE utf8mb4_unicode_ci DEFAULT NULL,
  `Positions_id` int(11) NOT NULL,
  PRIMARY KEY (`id`),
  KEY `fk_Employees_Positions1_idx` (`Positions_id`),
  CONSTRAINT `fk_Employees_Positions1` FOREIGN KEY (`Positions_id`) REFERENCES `Positions` (`id`) ON DELETE NO ACTION ON UPDATE NO ACTION
) ENGINE=InnoDB AUTO_INCREMENT=101 DEFAULT CHARSET=utf8mb4 COLLATE=utf8mb4_unicode_ci;

INSERT INTO `Employees` (`id`, `Full_name`, `Address`, `Income`, `Positions_id`) VALUES (1, 'Prof. Peyton Predovic', '298 Fredy Lights Suite 412\nNakiamouth, OH 456', '44579', 1);
INSERT INTO `Employees` (`id`, `Full_name`, `Address`, `Income`, `Positions_id`) VALUES (2, 'Dr. Mikayla Thompson', '216 Stroman Corners Apt. 272\nWilhelmchester, ', '23598', 2);
INSERT INTO `Employees` (`id`, `Full_name`, `Address`, `Income`, `Positions_id`) VALUES (3, 'Gracie Connelly', '23933 Hermiston Avenue\nTanyamouth, UT 64684-0', '12678', 3);
INSERT INTO `Employees` (`id`, `Full_name`, `Address`, `Income`, `Positions_id`) VALUES (4, 'Savanah Effertz', '1149 Dooley Circles Suite 478\nSchaeferberg, G', '32492', 4);
INSERT INTO `Employees` (`id`, `Full_name`, `Address`, `Income`, `Positions_id`) VALUES (5, 'Arlene Yost', '1290 Pouros Stream Suite 475\nPort Chayaton, M', '66574', 5);
INSERT INTO `Employees` (`id`, `Full_name`, `Address`, `Income`, `Positions_id`) VALUES (6, 'Harmony Tillman Sr.', '0369 Crona Curve Suite 865\nLindgrenton, NJ 27', '43649', 6);
INSERT INTO `Employees` (`id`, `Full_name`, `Address`, `Income`, `Positions_id`) VALUES (7, 'Albertha Lockman', '07996 Otis Inlet Apt. 019\nConnburgh, CO 91112', '43931', 7);
INSERT INTO `Employees` (`id`, `Full_name`, `Address`, `Income`, `Positions_id`) VALUES (8, 'Joesph White', '336 Duane Pine Suite 789\nMarvinchester, NC 57', '98629', 8);
INSERT INTO `Employees` (`id`, `Full_name`, `Address`, `Income`, `Positions_id`) VALUES (9, 'Bryon Jerde', '119 Kassulke Fork Apt. 702\nLouisabury, NJ 002', '12844', 9);
INSERT INTO `Employees` (`id`, `Full_name`, `Address`, `Income`, `Positions_id`) VALUES (10, 'Prof. Jany Baumbach', '05769 Lockman Causeway Apt. 592\nLake Samantab', '45230', 10);
INSERT INTO `Employees` (`id`, `Full_name`, `Address`, `Income`, `Positions_id`) VALUES (11, 'Hortense Waters', '2472 Cristobal Bridge\nWest Lowell, KY 73926', '85126', 11);
INSERT INTO `Employees` (`id`, `Full_name`, `Address`, `Income`, `Positions_id`) VALUES (12, 'Belle Fay', '39198 Weldon Estate Apt. 136\nNorth Ariellevil', '30005', 12);
INSERT INTO `Employees` (`id`, `Full_name`, `Address`, `Income`, `Positions_id`) VALUES (13, 'Jewell Skiles', '4571 Evan Parkway Apt. 018\nUlicesbury, NM 487', '14163', 13);
INSERT INTO `Employees` (`id`, `Full_name`, `Address`, `Income`, `Positions_id`) VALUES (14, 'Dr. Melyssa Cruickshank DDS', '287 Junius Springs\nShaniyaport, ME 67198-4292', '57600', 14);
INSERT INTO `Employees` (`id`, `Full_name`, `Address`, `Income`, `Positions_id`) VALUES (15, 'Felicita Lindgren', '81168 Miracle Spur\nRunolfssonfort, MN 17142', '35618', 15);
INSERT INTO `Employees` (`id`, `Full_name`, `Address`, `Income`, `Positions_id`) VALUES (16, 'Jack Turcotte', '03067 Sammie Points\nNew Yasmine, MO 73122-775', '80794', 16);
INSERT INTO `Employees` (`id`, `Full_name`, `Address`, `Income`, `Positions_id`) VALUES (17, 'Hershel Waters', '793 Viola Extension Apt. 404\nDelberthaven, AZ', '50470', 17);
INSERT INTO `Employees` (`id`, `Full_name`, `Address`, `Income`, `Positions_id`) VALUES (18, 'Hayley Krajcik', '5333 Thompson Harbor\nLake Pinkiehaven, AZ 122', '80146', 18);
INSERT INTO `Employees` (`id`, `Full_name`, `Address`, `Income`, `Positions_id`) VALUES (19, 'Ivah Conn Sr.', '042 Eichmann Fall\nSchinnerfurt, HI 19246-1084', '95990', 19);
INSERT INTO `Employees` (`id`, `Full_name`, `Address`, `Income`, `Positions_id`) VALUES (20, 'Leatha Huels PhD', '49614 Maryam Trafficway\nLake Adelleview, CT 9', '14847', 20);
INSERT INTO `Employees` (`id`, `Full_name`, `Address`, `Income`, `Positions_id`) VALUES (21, 'Mrs. Jeanie Schoen MD', '4905 Volkman Branch\nEast Toymouth, OH 77898', '41446', 21);
INSERT INTO `Employees` (`id`, `Full_name`, `Address`, `Income`, `Positions_id`) VALUES (22, 'Mrs. Izabella Runolfsdottir DDS', '596 Grant Street Apt. 849\nNorth Johann, MD 73', '17867', 22);
INSERT INTO `Employees` (`id`, `Full_name`, `Address`, `Income`, `Positions_id`) VALUES (23, 'Hans Parker', '6222 Prohaska Club Apt. 776\nEmmerichborough, ', '50704', 23);
INSERT INTO `Employees` (`id`, `Full_name`, `Address`, `Income`, `Positions_id`) VALUES (24, 'Dr. Montana Gutkowski', '1436 Aletha Mountain\nWest Tiaraborough, ID 21', '39406', 24);
INSERT INTO `Employees` (`id`, `Full_name`, `Address`, `Income`, `Positions_id`) VALUES (25, 'Emelie Medhurst Sr.', '007 Feil Unions\nNorwoodfurt, IA 24356-2011', '23535', 25);
INSERT INTO `Employees` (`id`, `Full_name`, `Address`, `Income`, `Positions_id`) VALUES (26, 'Prof. Martin Beatty DDS', '0817 Lloyd Loaf\nNew Blanca, NC 55734-1386', '67786', 26);
INSERT INTO `Employees` (`id`, `Full_name`, `Address`, `Income`, `Positions_id`) VALUES (27, 'Dr. Vernon Becker', '67098 Pollich Station Apt. 877\nAnnaliseburgh,', '76719', 27);
INSERT INTO `Employees` (`id`, `Full_name`, `Address`, `Income`, `Positions_id`) VALUES (28, 'Bridie Gusikowski', '193 Diana Mount Apt. 553\nNew Tiana, WA 97214', '80444', 28);
INSERT INTO `Employees` (`id`, `Full_name`, `Address`, `Income`, `Positions_id`) VALUES (29, 'Prof. Jaida Hammes', '1071 Yolanda Street\nWardmouth, RI 54501', '45337', 29);
INSERT INTO `Employees` (`id`, `Full_name`, `Address`, `Income`, `Positions_id`) VALUES (30, 'Mr. Alvah Stroman', '1510 Stokes Turnpike Apt. 871\nEast Elmira, NH', '51523', 30);
INSERT INTO `Employees` (`id`, `Full_name`, `Address`, `Income`, `Positions_id`) VALUES (31, 'Delphine West', '8350 Kertzmann Loaf\nPort Jonasland, TN 95332', '82276', 31);
INSERT INTO `Employees` (`id`, `Full_name`, `Address`, `Income`, `Positions_id`) VALUES (32, 'Mrs. Jakayla Vandervort', '169 Mitchell Grove\nSheilashire, ME 49599-7514', '19078', 32);
INSERT INTO `Employees` (`id`, `Full_name`, `Address`, `Income`, `Positions_id`) VALUES (33, 'Lola Nikolaus', '7847 Margaret Pass\nCelineburgh, KY 51714', '77479', 33);
INSERT INTO `Employees` (`id`, `Full_name`, `Address`, `Income`, `Positions_id`) VALUES (34, 'Mr. Brad Brekke', '08839 Angelina Key\nFelicitaberg, AL 90900-087', '85746', 34);
INSERT INTO `Employees` (`id`, `Full_name`, `Address`, `Income`, `Positions_id`) VALUES (35, 'Cale Zboncak', '777 Kuvalis Viaduct\nWest Concepcionview, GA 1', '83437', 35);
INSERT INTO `Employees` (`id`, `Full_name`, `Address`, `Income`, `Positions_id`) VALUES (36, 'Prof. Hoyt Dare', '678 Mosciski Vista\nWatersside, SD 62690-4295', '62286', 36);
INSERT INTO `Employees` (`id`, `Full_name`, `Address`, `Income`, `Positions_id`) VALUES (37, 'Ebony Stanton DDS', '679 Krajcik Meadows Suite 057\nEast Kiera, NH ', '21590', 37);
INSERT INTO `Employees` (`id`, `Full_name`, `Address`, `Income`, `Positions_id`) VALUES (38, 'Mckenzie Gerhold', '06948 Mervin Ways Apt. 650\nLake Teresa, KY 97', '20644', 38);
INSERT INTO `Employees` (`id`, `Full_name`, `Address`, `Income`, `Positions_id`) VALUES (39, 'Dr. Edgar Swaniawski MD', '597 Mayer Ferry\nDuncantown, ND 34820-3766', '29678', 39);
INSERT INTO `Employees` (`id`, `Full_name`, `Address`, `Income`, `Positions_id`) VALUES (40, 'Mrs. Rowena Hartmann', '3869 Ruthe Cove\nWest Zane, WA 81037-6797', '41426', 40);
INSERT INTO `Employees` (`id`, `Full_name`, `Address`, `Income`, `Positions_id`) VALUES (41, 'Brionna Balistreri', '0579 Nikolaus Flat\nWest Aleenfort, WV 54867', '88205', 41);
INSERT INTO `Employees` (`id`, `Full_name`, `Address`, `Income`, `Positions_id`) VALUES (42, 'Lavada Adams', '465 Addie Parkway\nStellaberg, ME 86861', '74963', 42);
INSERT INTO `Employees` (`id`, `Full_name`, `Address`, `Income`, `Positions_id`) VALUES (43, 'Emelie Ledner', '5180 O\'Reilly Highway Apt. 200\nQuigleyland, P', '23890', 43);
INSERT INTO `Employees` (`id`, `Full_name`, `Address`, `Income`, `Positions_id`) VALUES (44, 'Dr. Jane Botsford Sr.', '335 Reynolds Rapids Suite 616\nHillsfurt, DC 9', '15654', 44);
INSERT INTO `Employees` (`id`, `Full_name`, `Address`, `Income`, `Positions_id`) VALUES (45, 'Prof. Leda Fahey Sr.', '25959 Freddy Fords\nHarveymouth, SC 99385-1499', '55966', 45);
INSERT INTO `Employees` (`id`, `Full_name`, `Address`, `Income`, `Positions_id`) VALUES (46, 'Prof. Haleigh Farrell', '634 Alford Center Apt. 121\nPort Leon, MS 6944', '78223', 46);
INSERT INTO `Employees` (`id`, `Full_name`, `Address`, `Income`, `Positions_id`) VALUES (47, 'Gwen Thompson', '058 Webster Plains\nNorth Jason, DC 36417-7378', '70533', 47);
INSERT INTO `Employees` (`id`, `Full_name`, `Address`, `Income`, `Positions_id`) VALUES (48, 'Dr. Monserrate Quigley', '56212 Michaela Villages\nErwinstad, GA 47892-0', '89551', 48);
INSERT INTO `Employees` (`id`, `Full_name`, `Address`, `Income`, `Positions_id`) VALUES (49, 'Jacquelyn Wolff', '7561 Jaskolski Green Apt. 782\nThielton, ID 42', '22539', 49);
INSERT INTO `Employees` (`id`, `Full_name`, `Address`, `Income`, `Positions_id`) VALUES (50, 'Ms. Janet Swaniawski DVM', '3901 Leopoldo Camp Apt. 274\nPort Doug, MI 092', '99990', 50);
INSERT INTO `Employees` (`id`, `Full_name`, `Address`, `Income`, `Positions_id`) VALUES (51, 'Bailey Morissette', '25757 Bergstrom Lodge\nMyrtisshire, NV 79136', '92719', 51);
INSERT INTO `Employees` (`id`, `Full_name`, `Address`, `Income`, `Positions_id`) VALUES (52, 'Prof. Vita Borer', '446 Brekke Mountains Suite 138\nElvismouth, CT', '55292', 52);
INSERT INTO `Employees` (`id`, `Full_name`, `Address`, `Income`, `Positions_id`) VALUES (53, 'Roosevelt Schinner', '6005 Dameon Road Apt. 085\nNorth Gillian, IA 1', '76771', 53);
INSERT INTO `Employees` (`id`, `Full_name`, `Address`, `Income`, `Positions_id`) VALUES (54, 'Ms. Clarissa Ferry Sr.', '467 Lance Fall Suite 049\nNew Greyson, HI 3853', '52560', 54);
INSERT INTO `Employees` (`id`, `Full_name`, `Address`, `Income`, `Positions_id`) VALUES (55, 'Mr. Devonte Bogan', '64987 Jaycee Way\nKlingview, WV 21959', '64318', 55);
INSERT INTO `Employees` (`id`, `Full_name`, `Address`, `Income`, `Positions_id`) VALUES (56, 'Ashley Rosenbaum', '62450 Graham Mission\nBrentchester, NJ 79722', '70709', 56);
INSERT INTO `Employees` (`id`, `Full_name`, `Address`, `Income`, `Positions_id`) VALUES (57, 'Catharine Yundt', '66950 Gustave Crossroad\nBreanaburgh, VT 87735', '19601', 57);
INSERT INTO `Employees` (`id`, `Full_name`, `Address`, `Income`, `Positions_id`) VALUES (58, 'Gilbert Langosh', '8008 Kuphal Way\nSipeshaven, IN 00772-5875', '44477', 58);
INSERT INTO `Employees` (`id`, `Full_name`, `Address`, `Income`, `Positions_id`) VALUES (59, 'Arielle Leffler', '32900 Christine Canyon\nJaidashire, NY 76252-1', '51722', 59);
INSERT INTO `Employees` (`id`, `Full_name`, `Address`, `Income`, `Positions_id`) VALUES (60, 'Rita Feest', '95912 Randal Rest Apt. 649\nBartolettiland, ND', '34868', 60);
INSERT INTO `Employees` (`id`, `Full_name`, `Address`, `Income`, `Positions_id`) VALUES (61, 'Prof. Cathryn Ziemann', '5012 Nina Streets Suite 310\nJavonshire, WA 72', '51540', 61);
INSERT INTO `Employees` (`id`, `Full_name`, `Address`, `Income`, `Positions_id`) VALUES (62, 'Nina Stehr', '43169 McLaughlin Trace\nDorthafort, WY 78188', '27887', 62);
INSERT INTO `Employees` (`id`, `Full_name`, `Address`, `Income`, `Positions_id`) VALUES (63, 'Prof. Josie Balistreri', '241 Kuhic Isle\nEast Karlieside, NJ 02344-5636', '90696', 63);
INSERT INTO `Employees` (`id`, `Full_name`, `Address`, `Income`, `Positions_id`) VALUES (64, 'Ottis Rutherford', '746 Ziemann Islands\nJerdeton, NJ 88361', '18809', 64);
INSERT INTO `Employees` (`id`, `Full_name`, `Address`, `Income`, `Positions_id`) VALUES (65, 'Gregoria Hegmann IV', '228 Olga Land\nFlatleyborough, WV 38271', '73199', 65);
INSERT INTO `Employees` (`id`, `Full_name`, `Address`, `Income`, `Positions_id`) VALUES (66, 'Lafayette Goyette', '07592 Osinski Springs Apt. 923\nNorth Kylemout', '18189', 66);
INSERT INTO `Employees` (`id`, `Full_name`, `Address`, `Income`, `Positions_id`) VALUES (67, 'Prof. Cory Wilkinson', '062 Huel Falls Suite 674\nWymanbury, SC 01746-', '32841', 67);
INSERT INTO `Employees` (`id`, `Full_name`, `Address`, `Income`, `Positions_id`) VALUES (68, 'Breanne Davis Sr.', '6860 Shields Trail Apt. 328\nSouth Roscoe, AR ', '32418', 68);
INSERT INTO `Employees` (`id`, `Full_name`, `Address`, `Income`, `Positions_id`) VALUES (69, 'Colt Ritchie', '973 Stamm Bridge Suite 904\nNorth Jarrodbury, ', '12566', 69);
INSERT INTO `Employees` (`id`, `Full_name`, `Address`, `Income`, `Positions_id`) VALUES (70, 'Suzanne Schaefer', '219 Schroeder Stravenue\nSchoenville, ND 55355', '77963', 70);
INSERT INTO `Employees` (`id`, `Full_name`, `Address`, `Income`, `Positions_id`) VALUES (71, 'Joanie Gibson', '0459 Gina Lights Apt. 015\nJameyland, KS 42996', '98405', 71);
INSERT INTO `Employees` (`id`, `Full_name`, `Address`, `Income`, `Positions_id`) VALUES (72, 'Kacey Metz', '80806 Wyman Light Apt. 348\nNew Effieburgh, SD', '53736', 72);
INSERT INTO `Employees` (`id`, `Full_name`, `Address`, `Income`, `Positions_id`) VALUES (73, 'Rubie Jast', '69497 O\'Kon Courts\nClairstad, OH 91954-4102', '42881', 73);
INSERT INTO `Employees` (`id`, `Full_name`, `Address`, `Income`, `Positions_id`) VALUES (74, 'Sandrine Pagac', '0543 Hayden Extensions Suite 414\nSouth Enriqu', '92432', 74);
INSERT INTO `Employees` (`id`, `Full_name`, `Address`, `Income`, `Positions_id`) VALUES (75, 'Emile White', '0708 Hills Creek\nWest Ellie, VT 61641-6119', '56883', 75);
INSERT INTO `Employees` (`id`, `Full_name`, `Address`, `Income`, `Positions_id`) VALUES (76, 'Mrs. Ashlee Conroy', '3647 Adaline Drive\nMadysonburgh, VA 81366-476', '38388', 76);
INSERT INTO `Employees` (`id`, `Full_name`, `Address`, `Income`, `Positions_id`) VALUES (77, 'Ashley Howell', '070 Ole Fork\nNorth Carissa, MN 64688', '12897', 77);
INSERT INTO `Employees` (`id`, `Full_name`, `Address`, `Income`, `Positions_id`) VALUES (78, 'Mr. Felipe Hoeger II', '09696 Swaniawski Overpass\nPacochaton, IN 5805', '88192', 78);
INSERT INTO `Employees` (`id`, `Full_name`, `Address`, `Income`, `Positions_id`) VALUES (79, 'Allene Eichmann', '5279 Glover Spur\nSouth Noemiburgh, ME 29314', '67465', 79);
INSERT INTO `Employees` (`id`, `Full_name`, `Address`, `Income`, `Positions_id`) VALUES (80, 'Mr. Keshaun Goldner', '0276 Beier Views Apt. 304\nCormierfurt, NM 896', '55512', 80);
INSERT INTO `Employees` (`id`, `Full_name`, `Address`, `Income`, `Positions_id`) VALUES (81, 'Prof. Cory Rohan I', '7568 Welch Manor Apt. 218\nKleinburgh, KS 4144', '63473', 81);
INSERT INTO `Employees` (`id`, `Full_name`, `Address`, `Income`, `Positions_id`) VALUES (82, 'Ellen Shanahan', '9771 Jerel Fort\nCorbintown, NH 05319', '21543', 82);
INSERT INTO `Employees` (`id`, `Full_name`, `Address`, `Income`, `Positions_id`) VALUES (83, 'Amari Champlin', '09076 Carter Ridges\nCarlistad, MA 10170', '42685', 83);
INSERT INTO `Employees` (`id`, `Full_name`, `Address`, `Income`, `Positions_id`) VALUES (84, 'Braden Nader', '6030 Zena Isle Suite 994\nBogisichshire, CA 22', '76071', 84);
INSERT INTO `Employees` (`id`, `Full_name`, `Address`, `Income`, `Positions_id`) VALUES (85, 'Phyllis Batz', '41759 Josianne Pike\nYazminfurt, AZ 94125', '37141', 85);
INSERT INTO `Employees` (`id`, `Full_name`, `Address`, `Income`, `Positions_id`) VALUES (86, 'Murphy Russel', '6040 Rippin Lights Suite 964\nLake Justina, NM', '84097', 86);
INSERT INTO `Employees` (`id`, `Full_name`, `Address`, `Income`, `Positions_id`) VALUES (87, 'Furman Sanford', '559 Emard Ports\nNew Kellymouth, OH 74760-3319', '53761', 87);
INSERT INTO `Employees` (`id`, `Full_name`, `Address`, `Income`, `Positions_id`) VALUES (88, 'Noemy Langworth', '45301 Francis Common\nMarjorieborough, DE 9850', '20881', 88);
INSERT INTO `Employees` (`id`, `Full_name`, `Address`, `Income`, `Positions_id`) VALUES (89, 'Thaddeus West', '06881 Anderson Lock Suite 842\nTheodoraland, M', '50986', 89);
INSERT INTO `Employees` (`id`, `Full_name`, `Address`, `Income`, `Positions_id`) VALUES (90, 'Allison Purdy Sr.', '744 Powlowski Creek Suite 616\nSouth Theodora,', '34411', 90);
INSERT INTO `Employees` (`id`, `Full_name`, `Address`, `Income`, `Positions_id`) VALUES (91, 'Dr. Lera Nicolas II', '568 Sipes Knolls\nChristinefort, FL 27061', '87588', 91);
INSERT INTO `Employees` (`id`, `Full_name`, `Address`, `Income`, `Positions_id`) VALUES (92, 'Nichole Reichel I', '597 Bahringer Ways\nNorth Cliffordstad, UT 965', '69672', 92);
INSERT INTO `Employees` (`id`, `Full_name`, `Address`, `Income`, `Positions_id`) VALUES (93, 'Ms. Agustina Orn II', '3412 Reinger Springs\nSouth Emilianoburgh, MO ', '93078', 93);
INSERT INTO `Employees` (`id`, `Full_name`, `Address`, `Income`, `Positions_id`) VALUES (94, 'Grover Sipes', '93040 Shad Cove Apt. 406\nChristashire, NC 186', '41759', 94);
INSERT INTO `Employees` (`id`, `Full_name`, `Address`, `Income`, `Positions_id`) VALUES (95, 'Barton Mitchell', '17932 Nicholaus Square\nSouth Emmet, AL 42282-', '76113', 95);
INSERT INTO `Employees` (`id`, `Full_name`, `Address`, `Income`, `Positions_id`) VALUES (96, 'Rubie Ryan', '033 Rosina Ville\nShyannburgh, MN 30714-1852', '73233', 96);
INSERT INTO `Employees` (`id`, `Full_name`, `Address`, `Income`, `Positions_id`) VALUES (97, 'Lavonne Ernser', '1980 Ortiz Heights\nBauchberg, WY 70242', '69094', 97);
INSERT INTO `Employees` (`id`, `Full_name`, `Address`, `Income`, `Positions_id`) VALUES (98, 'Sheldon Ryan', '311 Kertzmann Landing\nO\'Connellport, ND 30706', '92002', 98);
INSERT INTO `Employees` (`id`, `Full_name`, `Address`, `Income`, `Positions_id`) VALUES (99, 'Noelia Torphy', '653 Robel Loaf Suite 752\nNew Claudiamouth, WA', '36963', 99);
INSERT INTO `Employees` (`id`, `Full_name`, `Address`, `Income`, `Positions_id`) VALUES (100, 'Julia Kunde', '10449 Langworth Island Apt. 442\nHarberfurt, C', '81167', 100);


#
# TABLE STRUCTURE FOR: Platform
#

DROP TABLE IF EXISTS `Platform`;

CREATE TABLE `Platform` (
  `id` int(11) NOT NULL AUTO_INCREMENT,
  `Computer_id` int(11) NOT NULL,
  `Consoles_id` int(11) NOT NULL,
  PRIMARY KEY (`id`),
  KEY `fk_Platform_Computer1_idx` (`Computer_id`),
  KEY `fk_Platform_Consoles1_idx` (`Consoles_id`),
  CONSTRAINT `fk_Platform_Computer1` FOREIGN KEY (`Computer_id`) REFERENCES `Computer` (`id`) ON DELETE NO ACTION ON UPDATE NO ACTION,
  CONSTRAINT `fk_Platform_Consoles1` FOREIGN KEY (`Consoles_id`) REFERENCES `Consoles` (`id`) ON DELETE NO ACTION ON UPDATE NO ACTION
) ENGINE=InnoDB AUTO_INCREMENT=101 DEFAULT CHARSET=utf8mb4 COLLATE=utf8mb4_unicode_ci;

INSERT INTO `Platform` (`id`, `Computer_id`, `Consoles_id`) VALUES (1, 1, 1);
INSERT INTO `Platform` (`id`, `Computer_id`, `Consoles_id`) VALUES (2, 2, 2);
INSERT INTO `Platform` (`id`, `Computer_id`, `Consoles_id`) VALUES (3, 3, 3);
INSERT INTO `Platform` (`id`, `Computer_id`, `Consoles_id`) VALUES (4, 4, 4);
INSERT INTO `Platform` (`id`, `Computer_id`, `Consoles_id`) VALUES (5, 5, 5);
INSERT INTO `Platform` (`id`, `Computer_id`, `Consoles_id`) VALUES (6, 6, 6);
INSERT INTO `Platform` (`id`, `Computer_id`, `Consoles_id`) VALUES (7, 7, 7);
INSERT INTO `Platform` (`id`, `Computer_id`, `Consoles_id`) VALUES (8, 8, 8);
INSERT INTO `Platform` (`id`, `Computer_id`, `Consoles_id`) VALUES (9, 9, 9);
INSERT INTO `Platform` (`id`, `Computer_id`, `Consoles_id`) VALUES (10, 10, 10);
INSERT INTO `Platform` (`id`, `Computer_id`, `Consoles_id`) VALUES (11, 11, 11);
INSERT INTO `Platform` (`id`, `Computer_id`, `Consoles_id`) VALUES (12, 12, 12);
INSERT INTO `Platform` (`id`, `Computer_id`, `Consoles_id`) VALUES (13, 13, 13);
INSERT INTO `Platform` (`id`, `Computer_id`, `Consoles_id`) VALUES (14, 14, 14);
INSERT INTO `Platform` (`id`, `Computer_id`, `Consoles_id`) VALUES (15, 15, 15);
INSERT INTO `Platform` (`id`, `Computer_id`, `Consoles_id`) VALUES (16, 16, 16);
INSERT INTO `Platform` (`id`, `Computer_id`, `Consoles_id`) VALUES (17, 17, 17);
INSERT INTO `Platform` (`id`, `Computer_id`, `Consoles_id`) VALUES (18, 18, 18);
INSERT INTO `Platform` (`id`, `Computer_id`, `Consoles_id`) VALUES (19, 19, 19);
INSERT INTO `Platform` (`id`, `Computer_id`, `Consoles_id`) VALUES (20, 20, 20);
INSERT INTO `Platform` (`id`, `Computer_id`, `Consoles_id`) VALUES (21, 21, 21);
INSERT INTO `Platform` (`id`, `Computer_id`, `Consoles_id`) VALUES (22, 22, 22);
INSERT INTO `Platform` (`id`, `Computer_id`, `Consoles_id`) VALUES (23, 23, 23);
INSERT INTO `Platform` (`id`, `Computer_id`, `Consoles_id`) VALUES (24, 24, 24);
INSERT INTO `Platform` (`id`, `Computer_id`, `Consoles_id`) VALUES (25, 25, 25);
INSERT INTO `Platform` (`id`, `Computer_id`, `Consoles_id`) VALUES (26, 26, 26);
INSERT INTO `Platform` (`id`, `Computer_id`, `Consoles_id`) VALUES (27, 27, 27);
INSERT INTO `Platform` (`id`, `Computer_id`, `Consoles_id`) VALUES (28, 28, 28);
INSERT INTO `Platform` (`id`, `Computer_id`, `Consoles_id`) VALUES (29, 29, 29);
INSERT INTO `Platform` (`id`, `Computer_id`, `Consoles_id`) VALUES (30, 30, 30);
INSERT INTO `Platform` (`id`, `Computer_id`, `Consoles_id`) VALUES (31, 31, 31);
INSERT INTO `Platform` (`id`, `Computer_id`, `Consoles_id`) VALUES (32, 32, 32);
INSERT INTO `Platform` (`id`, `Computer_id`, `Consoles_id`) VALUES (33, 33, 33);
INSERT INTO `Platform` (`id`, `Computer_id`, `Consoles_id`) VALUES (34, 34, 34);
INSERT INTO `Platform` (`id`, `Computer_id`, `Consoles_id`) VALUES (35, 35, 35);
INSERT INTO `Platform` (`id`, `Computer_id`, `Consoles_id`) VALUES (36, 36, 36);
INSERT INTO `Platform` (`id`, `Computer_id`, `Consoles_id`) VALUES (37, 37, 37);
INSERT INTO `Platform` (`id`, `Computer_id`, `Consoles_id`) VALUES (38, 38, 38);
INSERT INTO `Platform` (`id`, `Computer_id`, `Consoles_id`) VALUES (39, 39, 39);
INSERT INTO `Platform` (`id`, `Computer_id`, `Consoles_id`) VALUES (40, 40, 40);
INSERT INTO `Platform` (`id`, `Computer_id`, `Consoles_id`) VALUES (41, 41, 41);
INSERT INTO `Platform` (`id`, `Computer_id`, `Consoles_id`) VALUES (42, 42, 42);
INSERT INTO `Platform` (`id`, `Computer_id`, `Consoles_id`) VALUES (43, 43, 43);
INSERT INTO `Platform` (`id`, `Computer_id`, `Consoles_id`) VALUES (44, 44, 44);
INSERT INTO `Platform` (`id`, `Computer_id`, `Consoles_id`) VALUES (45, 45, 45);
INSERT INTO `Platform` (`id`, `Computer_id`, `Consoles_id`) VALUES (46, 46, 46);
INSERT INTO `Platform` (`id`, `Computer_id`, `Consoles_id`) VALUES (47, 47, 47);
INSERT INTO `Platform` (`id`, `Computer_id`, `Consoles_id`) VALUES (48, 48, 48);
INSERT INTO `Platform` (`id`, `Computer_id`, `Consoles_id`) VALUES (49, 49, 49);
INSERT INTO `Platform` (`id`, `Computer_id`, `Consoles_id`) VALUES (50, 50, 50);
INSERT INTO `Platform` (`id`, `Computer_id`, `Consoles_id`) VALUES (51, 51, 51);
INSERT INTO `Platform` (`id`, `Computer_id`, `Consoles_id`) VALUES (52, 52, 52);
INSERT INTO `Platform` (`id`, `Computer_id`, `Consoles_id`) VALUES (53, 53, 53);
INSERT INTO `Platform` (`id`, `Computer_id`, `Consoles_id`) VALUES (54, 54, 54);
INSERT INTO `Platform` (`id`, `Computer_id`, `Consoles_id`) VALUES (55, 55, 55);
INSERT INTO `Platform` (`id`, `Computer_id`, `Consoles_id`) VALUES (56, 56, 56);
INSERT INTO `Platform` (`id`, `Computer_id`, `Consoles_id`) VALUES (57, 57, 57);
INSERT INTO `Platform` (`id`, `Computer_id`, `Consoles_id`) VALUES (58, 58, 58);
INSERT INTO `Platform` (`id`, `Computer_id`, `Consoles_id`) VALUES (59, 59, 59);
INSERT INTO `Platform` (`id`, `Computer_id`, `Consoles_id`) VALUES (60, 60, 60);
INSERT INTO `Platform` (`id`, `Computer_id`, `Consoles_id`) VALUES (61, 61, 61);
INSERT INTO `Platform` (`id`, `Computer_id`, `Consoles_id`) VALUES (62, 62, 62);
INSERT INTO `Platform` (`id`, `Computer_id`, `Consoles_id`) VALUES (63, 63, 63);
INSERT INTO `Platform` (`id`, `Computer_id`, `Consoles_id`) VALUES (64, 64, 64);
INSERT INTO `Platform` (`id`, `Computer_id`, `Consoles_id`) VALUES (65, 65, 65);
INSERT INTO `Platform` (`id`, `Computer_id`, `Consoles_id`) VALUES (66, 66, 66);
INSERT INTO `Platform` (`id`, `Computer_id`, `Consoles_id`) VALUES (67, 67, 67);
INSERT INTO `Platform` (`id`, `Computer_id`, `Consoles_id`) VALUES (68, 68, 68);
INSERT INTO `Platform` (`id`, `Computer_id`, `Consoles_id`) VALUES (69, 69, 69);
INSERT INTO `Platform` (`id`, `Computer_id`, `Consoles_id`) VALUES (70, 70, 70);
INSERT INTO `Platform` (`id`, `Computer_id`, `Consoles_id`) VALUES (71, 71, 71);
INSERT INTO `Platform` (`id`, `Computer_id`, `Consoles_id`) VALUES (72, 72, 72);
INSERT INTO `Platform` (`id`, `Computer_id`, `Consoles_id`) VALUES (73, 73, 73);
INSERT INTO `Platform` (`id`, `Computer_id`, `Consoles_id`) VALUES (74, 74, 74);
INSERT INTO `Platform` (`id`, `Computer_id`, `Consoles_id`) VALUES (75, 75, 75);
INSERT INTO `Platform` (`id`, `Computer_id`, `Consoles_id`) VALUES (76, 76, 76);
INSERT INTO `Platform` (`id`, `Computer_id`, `Consoles_id`) VALUES (77, 77, 77);
INSERT INTO `Platform` (`id`, `Computer_id`, `Consoles_id`) VALUES (78, 78, 78);
INSERT INTO `Platform` (`id`, `Computer_id`, `Consoles_id`) VALUES (79, 79, 79);
INSERT INTO `Platform` (`id`, `Computer_id`, `Consoles_id`) VALUES (80, 80, 80);
INSERT INTO `Platform` (`id`, `Computer_id`, `Consoles_id`) VALUES (81, 81, 81);
INSERT INTO `Platform` (`id`, `Computer_id`, `Consoles_id`) VALUES (82, 82, 82);
INSERT INTO `Platform` (`id`, `Computer_id`, `Consoles_id`) VALUES (83, 83, 83);
INSERT INTO `Platform` (`id`, `Computer_id`, `Consoles_id`) VALUES (84, 84, 84);
INSERT INTO `Platform` (`id`, `Computer_id`, `Consoles_id`) VALUES (85, 85, 85);
INSERT INTO `Platform` (`id`, `Computer_id`, `Consoles_id`) VALUES (86, 86, 86);
INSERT INTO `Platform` (`id`, `Computer_id`, `Consoles_id`) VALUES (87, 87, 87);
INSERT INTO `Platform` (`id`, `Computer_id`, `Consoles_id`) VALUES (88, 88, 88);
INSERT INTO `Platform` (`id`, `Computer_id`, `Consoles_id`) VALUES (89, 89, 89);
INSERT INTO `Platform` (`id`, `Computer_id`, `Consoles_id`) VALUES (90, 90, 90);
INSERT INTO `Platform` (`id`, `Computer_id`, `Consoles_id`) VALUES (91, 91, 91);
INSERT INTO `Platform` (`id`, `Computer_id`, `Consoles_id`) VALUES (92, 92, 92);
INSERT INTO `Platform` (`id`, `Computer_id`, `Consoles_id`) VALUES (93, 93, 93);
INSERT INTO `Platform` (`id`, `Computer_id`, `Consoles_id`) VALUES (94, 94, 94);
INSERT INTO `Platform` (`id`, `Computer_id`, `Consoles_id`) VALUES (95, 95, 95);
INSERT INTO `Platform` (`id`, `Computer_id`, `Consoles_id`) VALUES (96, 96, 96);
INSERT INTO `Platform` (`id`, `Computer_id`, `Consoles_id`) VALUES (97, 97, 97);
INSERT INTO `Platform` (`id`, `Computer_id`, `Consoles_id`) VALUES (98, 98, 98);
INSERT INTO `Platform` (`id`, `Computer_id`, `Consoles_id`) VALUES (99, 99, 99);
INSERT INTO `Platform` (`id`, `Computer_id`, `Consoles_id`) VALUES (100, 100, 100);


#
# TABLE STRUCTURE FOR: Player_Information
#

DROP TABLE IF EXISTS `Player_Information`;

CREATE TABLE `Player_Information` (
  `id` int(11) NOT NULL AUTO_INCREMENT,
  `Full_name` varchar(45) COLLATE utf8mb4_unicode_ci DEFAULT NULL,
  `Mail` varchar(45) COLLATE utf8mb4_unicode_ci DEFAULT NULL,
  PRIMARY KEY (`id`)
) ENGINE=InnoDB AUTO_INCREMENT=101 DEFAULT CHARSET=utf8mb4 COLLATE=utf8mb4_unicode_ci;

INSERT INTO `Player_Information` (`id`, `Full_name`, `Mail`) VALUES (1, 'Dandre Davis II', 'natalia76@example.org');
INSERT INTO `Player_Information` (`id`, `Full_name`, `Mail`) VALUES (2, 'Kevon Heller', 'zieme.odell@example.org');
INSERT INTO `Player_Information` (`id`, `Full_name`, `Mail`) VALUES (3, 'Zane Crooks', 'davon.becker@example.org');
INSERT INTO `Player_Information` (`id`, `Full_name`, `Mail`) VALUES (4, 'Dr. Rusty Fritsch DDS', 'monique29@example.com');
INSERT INTO `Player_Information` (`id`, `Full_name`, `Mail`) VALUES (5, 'Candelario Olson Jr.', 'lourdes47@example.org');
INSERT INTO `Player_Information` (`id`, `Full_name`, `Mail`) VALUES (6, 'Claud Smitham', 'funk.drake@example.com');
INSERT INTO `Player_Information` (`id`, `Full_name`, `Mail`) VALUES (7, 'Barry Rolfson II', 'lupe66@example.org');
INSERT INTO `Player_Information` (`id`, `Full_name`, `Mail`) VALUES (8, 'Kaitlin Bogisich', 'halvorson.lavada@example.net');
INSERT INTO `Player_Information` (`id`, `Full_name`, `Mail`) VALUES (9, 'Onie Dare', 'upton.general@example.net');
INSERT INTO `Player_Information` (`id`, `Full_name`, `Mail`) VALUES (10, 'Dr. Ignacio Emmerich V', 'fgoldner@example.org');
INSERT INTO `Player_Information` (`id`, `Full_name`, `Mail`) VALUES (11, 'Nathaniel Greenfelder', 'isaac13@example.com');
INSERT INTO `Player_Information` (`id`, `Full_name`, `Mail`) VALUES (12, 'Orin Boyer', 'zmills@example.org');
INSERT INTO `Player_Information` (`id`, `Full_name`, `Mail`) VALUES (13, 'Dr. Kennedi Rolfson DDS', 'mrice@example.org');
INSERT INTO `Player_Information` (`id`, `Full_name`, `Mail`) VALUES (14, 'Madelyn Hermiston', 'leatha23@example.net');
INSERT INTO `Player_Information` (`id`, `Full_name`, `Mail`) VALUES (15, 'Calista O\'Kon', 'destini.zieme@example.net');
INSERT INTO `Player_Information` (`id`, `Full_name`, `Mail`) VALUES (16, 'Timmy Bradtke', 'natasha.beier@example.net');
INSERT INTO `Player_Information` (`id`, `Full_name`, `Mail`) VALUES (17, 'Gretchen Johns', 'ywyman@example.com');
INSERT INTO `Player_Information` (`id`, `Full_name`, `Mail`) VALUES (18, 'Dr. D\'angelo Funk', 'robin85@example.org');
INSERT INTO `Player_Information` (`id`, `Full_name`, `Mail`) VALUES (19, 'Justina Upton', 'nratke@example.net');
INSERT INTO `Player_Information` (`id`, `Full_name`, `Mail`) VALUES (20, 'Tiara Morar I', 'deckow.moses@example.net');
INSERT INTO `Player_Information` (`id`, `Full_name`, `Mail`) VALUES (21, 'Ms. Jazmyn Lowe IV', 'eichmann.rosamond@example.net');
INSERT INTO `Player_Information` (`id`, `Full_name`, `Mail`) VALUES (22, 'Janiya Bednar', 'candida45@example.org');
INSERT INTO `Player_Information` (`id`, `Full_name`, `Mail`) VALUES (23, 'Mr. Bryon Nikolaus', 'mertz.fernando@example.org');
INSERT INTO `Player_Information` (`id`, `Full_name`, `Mail`) VALUES (24, 'Bryana Kub MD', 'giovanni.vonrueden@example.org');
INSERT INTO `Player_Information` (`id`, `Full_name`, `Mail`) VALUES (25, 'Dr. Juston Kiehn', 'goberbrunner@example.com');
INSERT INTO `Player_Information` (`id`, `Full_name`, `Mail`) VALUES (26, 'Dr. Amy Marquardt II', 'bergnaum.lourdes@example.org');
INSERT INTO `Player_Information` (`id`, `Full_name`, `Mail`) VALUES (27, 'Prof. Ramiro Kemmer', 'schinner.rachael@example.org');
INSERT INTO `Player_Information` (`id`, `Full_name`, `Mail`) VALUES (28, 'Carleton Lakin', 'predovic.darby@example.net');
INSERT INTO `Player_Information` (`id`, `Full_name`, `Mail`) VALUES (29, 'Mr. Alessandro Denesik', 'rcruickshank@example.org');
INSERT INTO `Player_Information` (`id`, `Full_name`, `Mail`) VALUES (30, 'Shayna Lind', 'nondricka@example.com');
INSERT INTO `Player_Information` (`id`, `Full_name`, `Mail`) VALUES (31, 'Mr. Eloy Bauch', 'sylvia12@example.org');
INSERT INTO `Player_Information` (`id`, `Full_name`, `Mail`) VALUES (32, 'Mrs. Dejah Rath', 'albin89@example.com');
INSERT INTO `Player_Information` (`id`, `Full_name`, `Mail`) VALUES (33, 'George Wolff', 'shany61@example.org');
INSERT INTO `Player_Information` (`id`, `Full_name`, `Mail`) VALUES (34, 'Hellen Yost', 'jhirthe@example.net');
INSERT INTO `Player_Information` (`id`, `Full_name`, `Mail`) VALUES (35, 'Jerry Friesen', 'forrest34@example.net');
INSERT INTO `Player_Information` (`id`, `Full_name`, `Mail`) VALUES (36, 'Mrs. Lauretta Fahey', 'brakus.gunnar@example.org');
INSERT INTO `Player_Information` (`id`, `Full_name`, `Mail`) VALUES (37, 'Ms. Lila Keebler', 'talia25@example.org');
INSERT INTO `Player_Information` (`id`, `Full_name`, `Mail`) VALUES (38, 'Heaven Bernhard', 'ivy.deckow@example.net');
INSERT INTO `Player_Information` (`id`, `Full_name`, `Mail`) VALUES (39, 'Estell Wolff Jr.', 'kohler.kavon@example.com');
INSERT INTO `Player_Information` (`id`, `Full_name`, `Mail`) VALUES (40, 'Miss Serenity Bins', 'crawford00@example.org');
INSERT INTO `Player_Information` (`id`, `Full_name`, `Mail`) VALUES (41, 'Trever Torp', 'karlie46@example.com');
INSERT INTO `Player_Information` (`id`, `Full_name`, `Mail`) VALUES (42, 'Eugenia Becker', 'mylene.raynor@example.com');
INSERT INTO `Player_Information` (`id`, `Full_name`, `Mail`) VALUES (43, 'Anissa Armstrong', 'xbuckridge@example.org');
INSERT INTO `Player_Information` (`id`, `Full_name`, `Mail`) VALUES (44, 'Prof. Tyler Pfannerstill DDS', 'bettye.bergnaum@example.org');
INSERT INTO `Player_Information` (`id`, `Full_name`, `Mail`) VALUES (45, 'Newell Von', 'cassin.virginie@example.org');
INSERT INTO `Player_Information` (`id`, `Full_name`, `Mail`) VALUES (46, 'Ila Towne II', 'nturner@example.com');
INSERT INTO `Player_Information` (`id`, `Full_name`, `Mail`) VALUES (47, 'Keely Durgan', 'stracke.peggie@example.net');
INSERT INTO `Player_Information` (`id`, `Full_name`, `Mail`) VALUES (48, 'Jimmie Bruen', 'atromp@example.com');
INSERT INTO `Player_Information` (`id`, `Full_name`, `Mail`) VALUES (49, 'Ansley Towne', 'ucollins@example.com');
INSERT INTO `Player_Information` (`id`, `Full_name`, `Mail`) VALUES (50, 'Susanna Conn', 'vrowe@example.com');
INSERT INTO `Player_Information` (`id`, `Full_name`, `Mail`) VALUES (51, 'Kathleen Bogan DVM', 'ureichel@example.org');
INSERT INTO `Player_Information` (`id`, `Full_name`, `Mail`) VALUES (52, 'Octavia Greenholt PhD', 'faye.wolf@example.com');
INSERT INTO `Player_Information` (`id`, `Full_name`, `Mail`) VALUES (53, 'Dr. Ransom Koch IV', 'swiegand@example.net');
INSERT INTO `Player_Information` (`id`, `Full_name`, `Mail`) VALUES (54, 'Russell Breitenberg', 'nienow.sammie@example.com');
INSERT INTO `Player_Information` (`id`, `Full_name`, `Mail`) VALUES (55, 'Miss Nora Heller', 'duncan.dicki@example.com');
INSERT INTO `Player_Information` (`id`, `Full_name`, `Mail`) VALUES (56, 'Claud Mann DDS', 'larry94@example.org');
INSERT INTO `Player_Information` (`id`, `Full_name`, `Mail`) VALUES (57, 'Dorothy Lind', 'nbogan@example.org');
INSERT INTO `Player_Information` (`id`, `Full_name`, `Mail`) VALUES (58, 'Eddie Rohan', 'armstrong.al@example.org');
INSERT INTO `Player_Information` (`id`, `Full_name`, `Mail`) VALUES (59, 'Melyna Rolfson', 'ezekiel.murray@example.com');
INSERT INTO `Player_Information` (`id`, `Full_name`, `Mail`) VALUES (60, 'Sister Walsh', 'jerde.brennan@example.net');
INSERT INTO `Player_Information` (`id`, `Full_name`, `Mail`) VALUES (61, 'Hassan Ryan DVM', 'carmen48@example.com');
INSERT INTO `Player_Information` (`id`, `Full_name`, `Mail`) VALUES (62, 'Prof. Eliezer Armstrong', 'beier.kiley@example.org');
INSERT INTO `Player_Information` (`id`, `Full_name`, `Mail`) VALUES (63, 'Hal Lemke', 'po\'keefe@example.org');
INSERT INTO `Player_Information` (`id`, `Full_name`, `Mail`) VALUES (64, 'Frankie Ferry', 'gmarquardt@example.net');
INSERT INTO `Player_Information` (`id`, `Full_name`, `Mail`) VALUES (65, 'Chloe Armstrong', 'bcorwin@example.org');
INSERT INTO `Player_Information` (`id`, `Full_name`, `Mail`) VALUES (66, 'Andres Ondricka', 'dock34@example.com');
INSERT INTO `Player_Information` (`id`, `Full_name`, `Mail`) VALUES (67, 'Prof. Antwan Cummerata I', 'vlarson@example.com');
INSERT INTO `Player_Information` (`id`, `Full_name`, `Mail`) VALUES (68, 'Kaia Swaniawski', 'predovic.devin@example.com');
INSERT INTO `Player_Information` (`id`, `Full_name`, `Mail`) VALUES (69, 'Ferne Johnson', 'mollie.conroy@example.com');
INSERT INTO `Player_Information` (`id`, `Full_name`, `Mail`) VALUES (70, 'Leo Wintheiser', 'lelah.kohler@example.com');
INSERT INTO `Player_Information` (`id`, `Full_name`, `Mail`) VALUES (71, 'Althea Franecki', 'swift.myrtice@example.org');
INSERT INTO `Player_Information` (`id`, `Full_name`, `Mail`) VALUES (72, 'Adele Willms I', 'althea.streich@example.net');
INSERT INTO `Player_Information` (`id`, `Full_name`, `Mail`) VALUES (73, 'Hobart Dach', 'gdibbert@example.net');
INSERT INTO `Player_Information` (`id`, `Full_name`, `Mail`) VALUES (74, 'Irving Emmerich', 'nkreiger@example.net');
INSERT INTO `Player_Information` (`id`, `Full_name`, `Mail`) VALUES (75, 'Dr. Nico Gutmann II', 'enola14@example.org');
INSERT INTO `Player_Information` (`id`, `Full_name`, `Mail`) VALUES (76, 'Delaney Sipes', 'rauer@example.org');
INSERT INTO `Player_Information` (`id`, `Full_name`, `Mail`) VALUES (77, 'Effie Frami', 'tnolan@example.org');
INSERT INTO `Player_Information` (`id`, `Full_name`, `Mail`) VALUES (78, 'Emie Stehr', 'cassandra48@example.org');
INSERT INTO `Player_Information` (`id`, `Full_name`, `Mail`) VALUES (79, 'Dax Mante', 'flavie.barton@example.com');
INSERT INTO `Player_Information` (`id`, `Full_name`, `Mail`) VALUES (80, 'Aileen Swaniawski', 'godfrey02@example.net');
INSERT INTO `Player_Information` (`id`, `Full_name`, `Mail`) VALUES (81, 'Elfrieda Cormier', 'madelyn91@example.com');
INSERT INTO `Player_Information` (`id`, `Full_name`, `Mail`) VALUES (82, 'Prof. Candice Kautzer Jr.', 'amurray@example.com');
INSERT INTO `Player_Information` (`id`, `Full_name`, `Mail`) VALUES (83, 'Prof. Bessie Howe', 'd\'amore.vanessa@example.org');
INSERT INTO `Player_Information` (`id`, `Full_name`, `Mail`) VALUES (84, 'Drake Crona', 'margot.herman@example.com');
INSERT INTO `Player_Information` (`id`, `Full_name`, `Mail`) VALUES (85, 'Conor Gaylord DDS', 'alfred96@example.org');
INSERT INTO `Player_Information` (`id`, `Full_name`, `Mail`) VALUES (86, 'Prof. Carissa Cole Jr.', 'vergie47@example.com');
INSERT INTO `Player_Information` (`id`, `Full_name`, `Mail`) VALUES (87, 'Dr. Sean Rau', 'glennie.raynor@example.net');
INSERT INTO `Player_Information` (`id`, `Full_name`, `Mail`) VALUES (88, 'Hulda Rodriguez', 'purdy.myriam@example.net');
INSERT INTO `Player_Information` (`id`, `Full_name`, `Mail`) VALUES (89, 'Christopher Lemke', 'barton.schroeder@example.com');
INSERT INTO `Player_Information` (`id`, `Full_name`, `Mail`) VALUES (90, 'Mr. Ignacio Morar', 'gulgowski.karley@example.net');
INSERT INTO `Player_Information` (`id`, `Full_name`, `Mail`) VALUES (91, 'Virginie Hackett', 'natasha10@example.org');
INSERT INTO `Player_Information` (`id`, `Full_name`, `Mail`) VALUES (92, 'Mr. Curtis Fritsch I', 'juliet.olson@example.org');
INSERT INTO `Player_Information` (`id`, `Full_name`, `Mail`) VALUES (93, 'Zane Bradtke', 'leta.hills@example.org');
INSERT INTO `Player_Information` (`id`, `Full_name`, `Mail`) VALUES (94, 'Donavon Lang', 'minerva.lubowitz@example.net');
INSERT INTO `Player_Information` (`id`, `Full_name`, `Mail`) VALUES (95, 'Ms. Lexie Abshire III', 'rico.nitzsche@example.org');
INSERT INTO `Player_Information` (`id`, `Full_name`, `Mail`) VALUES (96, 'Nikki Kreiger', 'leland.renner@example.org');
INSERT INTO `Player_Information` (`id`, `Full_name`, `Mail`) VALUES (97, 'Dr. Annabell Boehm DVM', 'will30@example.net');
INSERT INTO `Player_Information` (`id`, `Full_name`, `Mail`) VALUES (98, 'Stephon Frami', 'alexanne02@example.com');
INSERT INTO `Player_Information` (`id`, `Full_name`, `Mail`) VALUES (99, 'Prof. Everardo Stokes V', 'merritt.glover@example.org');
INSERT INTO `Player_Information` (`id`, `Full_name`, `Mail`) VALUES (100, 'Tiara Torp', 'ecassin@example.org');


#
# TABLE STRUCTURE FOR: Positions
#

DROP TABLE IF EXISTS `Positions`;

CREATE TABLE `Positions` (
  `id` int(11) NOT NULL AUTO_INCREMENT,
  `Title` varchar(45) COLLATE utf8mb4_unicode_ci DEFAULT NULL,
  `Salary` varchar(45) COLLATE utf8mb4_unicode_ci DEFAULT NULL,
  `Access _levels` varchar(45) COLLATE utf8mb4_unicode_ci DEFAULT NULL,
  PRIMARY KEY (`id`)
) ENGINE=InnoDB AUTO_INCREMENT=101 DEFAULT CHARSET=utf8mb4 COLLATE=utf8mb4_unicode_ci;

INSERT INTO `Positions` (`id`, `Title`, `Salary`, `Access _levels`) VALUES (1, 'et', '37314', NULL);
INSERT INTO `Positions` (`id`, `Title`, `Salary`, `Access _levels`) VALUES (2, 'praesentium', '78378', NULL);
INSERT INTO `Positions` (`id`, `Title`, `Salary`, `Access _levels`) VALUES (3, 'laborum', '51396', NULL);
INSERT INTO `Positions` (`id`, `Title`, `Salary`, `Access _levels`) VALUES (4, 'non', '15832', NULL);
INSERT INTO `Positions` (`id`, `Title`, `Salary`, `Access _levels`) VALUES (5, 'qui', '23398', NULL);
INSERT INTO `Positions` (`id`, `Title`, `Salary`, `Access _levels`) VALUES (6, 'distinctio', '69091', NULL);
INSERT INTO `Positions` (`id`, `Title`, `Salary`, `Access _levels`) VALUES (7, 'id', '56282', NULL);
INSERT INTO `Positions` (`id`, `Title`, `Salary`, `Access _levels`) VALUES (8, 'aliquid', '35790', NULL);
INSERT INTO `Positions` (`id`, `Title`, `Salary`, `Access _levels`) VALUES (9, 'omnis', '52421', NULL);
INSERT INTO `Positions` (`id`, `Title`, `Salary`, `Access _levels`) VALUES (10, 'rerum', '57268', NULL);
INSERT INTO `Positions` (`id`, `Title`, `Salary`, `Access _levels`) VALUES (11, 'explicabo', '94825', NULL);
INSERT INTO `Positions` (`id`, `Title`, `Salary`, `Access _levels`) VALUES (12, 'vero', '59629', NULL);
INSERT INTO `Positions` (`id`, `Title`, `Salary`, `Access _levels`) VALUES (13, 'voluptas', '30380', NULL);
INSERT INTO `Positions` (`id`, `Title`, `Salary`, `Access _levels`) VALUES (14, 'sapiente', '39197', NULL);
INSERT INTO `Positions` (`id`, `Title`, `Salary`, `Access _levels`) VALUES (15, 'enim', '68046', NULL);
INSERT INTO `Positions` (`id`, `Title`, `Salary`, `Access _levels`) VALUES (16, 'tenetur', '75608', NULL);
INSERT INTO `Positions` (`id`, `Title`, `Salary`, `Access _levels`) VALUES (17, 'quidem', '54370', NULL);
INSERT INTO `Positions` (`id`, `Title`, `Salary`, `Access _levels`) VALUES (18, 'earum', '73733', NULL);
INSERT INTO `Positions` (`id`, `Title`, `Salary`, `Access _levels`) VALUES (19, 'ut', '41757', NULL);
INSERT INTO `Positions` (`id`, `Title`, `Salary`, `Access _levels`) VALUES (20, 'recusandae', '62172', NULL);
INSERT INTO `Positions` (`id`, `Title`, `Salary`, `Access _levels`) VALUES (21, 'debitis', '21655', NULL);
INSERT INTO `Positions` (`id`, `Title`, `Salary`, `Access _levels`) VALUES (22, 'autem', '57421', NULL);
INSERT INTO `Positions` (`id`, `Title`, `Salary`, `Access _levels`) VALUES (23, 'quisquam', '51926', NULL);
INSERT INTO `Positions` (`id`, `Title`, `Salary`, `Access _levels`) VALUES (24, 'quo', '20903', NULL);
INSERT INTO `Positions` (`id`, `Title`, `Salary`, `Access _levels`) VALUES (25, 'voluptatem', '73545', NULL);
INSERT INTO `Positions` (`id`, `Title`, `Salary`, `Access _levels`) VALUES (26, 'similique', '40487', NULL);
INSERT INTO `Positions` (`id`, `Title`, `Salary`, `Access _levels`) VALUES (27, 'quis', '25677', NULL);
INSERT INTO `Positions` (`id`, `Title`, `Salary`, `Access _levels`) VALUES (28, 'aut', '73015', NULL);
INSERT INTO `Positions` (`id`, `Title`, `Salary`, `Access _levels`) VALUES (29, 'velit', '26423', NULL);
INSERT INTO `Positions` (`id`, `Title`, `Salary`, `Access _levels`) VALUES (30, 'consequatur', '83035', NULL);
INSERT INTO `Positions` (`id`, `Title`, `Salary`, `Access _levels`) VALUES (31, 'placeat', '87546', NULL);
INSERT INTO `Positions` (`id`, `Title`, `Salary`, `Access _levels`) VALUES (32, 'quia', '70008', NULL);
INSERT INTO `Positions` (`id`, `Title`, `Salary`, `Access _levels`) VALUES (33, 'alias', '92500', NULL);
INSERT INTO `Positions` (`id`, `Title`, `Salary`, `Access _levels`) VALUES (34, 'iste', '31175', NULL);
INSERT INTO `Positions` (`id`, `Title`, `Salary`, `Access _levels`) VALUES (35, 'deserunt', '48141', NULL);
INSERT INTO `Positions` (`id`, `Title`, `Salary`, `Access _levels`) VALUES (36, 'mollitia', '19157', NULL);
INSERT INTO `Positions` (`id`, `Title`, `Salary`, `Access _levels`) VALUES (37, 'dolorem', '81348', NULL);
INSERT INTO `Positions` (`id`, `Title`, `Salary`, `Access _levels`) VALUES (38, 'fugiat', '13688', NULL);
INSERT INTO `Positions` (`id`, `Title`, `Salary`, `Access _levels`) VALUES (39, 'suscipit', '58873', NULL);
INSERT INTO `Positions` (`id`, `Title`, `Salary`, `Access _levels`) VALUES (40, 'cupiditate', '29145', NULL);
INSERT INTO `Positions` (`id`, `Title`, `Salary`, `Access _levels`) VALUES (41, 'deleniti', '40227', NULL);
INSERT INTO `Positions` (`id`, `Title`, `Salary`, `Access _levels`) VALUES (42, 'aspernatur', '34641', NULL);
INSERT INTO `Positions` (`id`, `Title`, `Salary`, `Access _levels`) VALUES (43, 'facilis', '95175', NULL);
INSERT INTO `Positions` (`id`, `Title`, `Salary`, `Access _levels`) VALUES (44, 'quam', '10244', NULL);
INSERT INTO `Positions` (`id`, `Title`, `Salary`, `Access _levels`) VALUES (45, 'sit', '74236', NULL);
INSERT INTO `Positions` (`id`, `Title`, `Salary`, `Access _levels`) VALUES (46, 'molestias', '66343', NULL);
INSERT INTO `Positions` (`id`, `Title`, `Salary`, `Access _levels`) VALUES (47, 'dicta', '24554', NULL);
INSERT INTO `Positions` (`id`, `Title`, `Salary`, `Access _levels`) VALUES (48, 'saepe', '54224', NULL);
INSERT INTO `Positions` (`id`, `Title`, `Salary`, `Access _levels`) VALUES (49, 'eveniet', '95678', NULL);
INSERT INTO `Positions` (`id`, `Title`, `Salary`, `Access _levels`) VALUES (50, 'eius', '98959', NULL);
INSERT INTO `Positions` (`id`, `Title`, `Salary`, `Access _levels`) VALUES (51, 'sunt', '36479', NULL);
INSERT INTO `Positions` (`id`, `Title`, `Salary`, `Access _levels`) VALUES (52, 'quod', '41154', NULL);
INSERT INTO `Positions` (`id`, `Title`, `Salary`, `Access _levels`) VALUES (53, 'in', '49080', NULL);
INSERT INTO `Positions` (`id`, `Title`, `Salary`, `Access _levels`) VALUES (54, 'fugit', '80384', NULL);
INSERT INTO `Positions` (`id`, `Title`, `Salary`, `Access _levels`) VALUES (55, 'repellat', '44157', NULL);
INSERT INTO `Positions` (`id`, `Title`, `Salary`, `Access _levels`) VALUES (56, 'iure', '53701', NULL);
INSERT INTO `Positions` (`id`, `Title`, `Salary`, `Access _levels`) VALUES (57, 'error', '49509', NULL);
INSERT INTO `Positions` (`id`, `Title`, `Salary`, `Access _levels`) VALUES (58, 'quos', '23187', NULL);
INSERT INTO `Positions` (`id`, `Title`, `Salary`, `Access _levels`) VALUES (59, 'fuga', '64517', NULL);
INSERT INTO `Positions` (`id`, `Title`, `Salary`, `Access _levels`) VALUES (60, 'minus', '79677', NULL);
INSERT INTO `Positions` (`id`, `Title`, `Salary`, `Access _levels`) VALUES (61, 'molestiae', '15171', NULL);
INSERT INTO `Positions` (`id`, `Title`, `Salary`, `Access _levels`) VALUES (62, 'asperiores', '36911', NULL);
INSERT INTO `Positions` (`id`, `Title`, `Salary`, `Access _levels`) VALUES (63, 'at', '68454', NULL);
INSERT INTO `Positions` (`id`, `Title`, `Salary`, `Access _levels`) VALUES (64, 'est', '34952', NULL);
INSERT INTO `Positions` (`id`, `Title`, `Salary`, `Access _levels`) VALUES (65, 'eum', '99707', NULL);
INSERT INTO `Positions` (`id`, `Title`, `Salary`, `Access _levels`) VALUES (66, 'porro', '20716', NULL);
INSERT INTO `Positions` (`id`, `Title`, `Salary`, `Access _levels`) VALUES (67, 'labore', '39029', NULL);
INSERT INTO `Positions` (`id`, `Title`, `Salary`, `Access _levels`) VALUES (68, 'tempore', '75940', NULL);
INSERT INTO `Positions` (`id`, `Title`, `Salary`, `Access _levels`) VALUES (69, 'quas', '21641', NULL);
INSERT INTO `Positions` (`id`, `Title`, `Salary`, `Access _levels`) VALUES (70, 'atque', '23256', NULL);
INSERT INTO `Positions` (`id`, `Title`, `Salary`, `Access _levels`) VALUES (71, 'provident', '80987', NULL);
INSERT INTO `Positions` (`id`, `Title`, `Salary`, `Access _levels`) VALUES (72, 'minima', '55588', NULL);
INSERT INTO `Positions` (`id`, `Title`, `Salary`, `Access _levels`) VALUES (73, 'facere', '97612', NULL);
INSERT INTO `Positions` (`id`, `Title`, `Salary`, `Access _levels`) VALUES (74, 'inventore', '29967', NULL);
INSERT INTO `Positions` (`id`, `Title`, `Salary`, `Access _levels`) VALUES (75, 'occaecati', '87042', NULL);
INSERT INTO `Positions` (`id`, `Title`, `Salary`, `Access _levels`) VALUES (76, 'consectetur', '46823', NULL);
INSERT INTO `Positions` (`id`, `Title`, `Salary`, `Access _levels`) VALUES (77, 'vitae', '54281', NULL);
INSERT INTO `Positions` (`id`, `Title`, `Salary`, `Access _levels`) VALUES (78, 'ea', '75493', NULL);
INSERT INTO `Positions` (`id`, `Title`, `Salary`, `Access _levels`) VALUES (79, 'blanditiis', '97374', NULL);
INSERT INTO `Positions` (`id`, `Title`, `Salary`, `Access _levels`) VALUES (80, 'sed', '93709', NULL);
INSERT INTO `Positions` (`id`, `Title`, `Salary`, `Access _levels`) VALUES (81, 'culpa', '16508', NULL);
INSERT INTO `Positions` (`id`, `Title`, `Salary`, `Access _levels`) VALUES (82, 'quae', '77280', NULL);
INSERT INTO `Positions` (`id`, `Title`, `Salary`, `Access _levels`) VALUES (83, 'odio', '45221', NULL);
INSERT INTO `Positions` (`id`, `Title`, `Salary`, `Access _levels`) VALUES (84, 'doloremque', '44609', NULL);
INSERT INTO `Positions` (`id`, `Title`, `Salary`, `Access _levels`) VALUES (85, 'dolorum', '74107', NULL);
INSERT INTO `Positions` (`id`, `Title`, `Salary`, `Access _levels`) VALUES (86, 'illo', '48606', NULL);
INSERT INTO `Positions` (`id`, `Title`, `Salary`, `Access _levels`) VALUES (87, 'eos', '75499', NULL);
INSERT INTO `Positions` (`id`, `Title`, `Salary`, `Access _levels`) VALUES (88, 'sequi', '31842', NULL);
INSERT INTO `Positions` (`id`, `Title`, `Salary`, `Access _levels`) VALUES (89, 'maiores', '51207', NULL);
INSERT INTO `Positions` (`id`, `Title`, `Salary`, `Access _levels`) VALUES (90, 'voluptatum', '33698', NULL);
INSERT INTO `Positions` (`id`, `Title`, `Salary`, `Access _levels`) VALUES (91, 'vel', '41331', NULL);
INSERT INTO `Positions` (`id`, `Title`, `Salary`, `Access _levels`) VALUES (92, 'nesciunt', '59244', NULL);
INSERT INTO `Positions` (`id`, `Title`, `Salary`, `Access _levels`) VALUES (93, 'exercitationem', '76137', NULL);
INSERT INTO `Positions` (`id`, `Title`, `Salary`, `Access _levels`) VALUES (94, 'cumque', '40823', NULL);
INSERT INTO `Positions` (`id`, `Title`, `Salary`, `Access _levels`) VALUES (95, 'reiciendis', '63923', NULL);
INSERT INTO `Positions` (`id`, `Title`, `Salary`, `Access _levels`) VALUES (96, 'numquam', '49341', NULL);
INSERT INTO `Positions` (`id`, `Title`, `Salary`, `Access _levels`) VALUES (97, 'eaque', '34392', NULL);
INSERT INTO `Positions` (`id`, `Title`, `Salary`, `Access _levels`) VALUES (98, 'dolore', '52931', NULL);
INSERT INTO `Positions` (`id`, `Title`, `Salary`, `Access _levels`) VALUES (99, 'veniam', '75082', NULL);
INSERT INTO `Positions` (`id`, `Title`, `Salary`, `Access _levels`) VALUES (100, 'sint', '61019', NULL);


#
# TABLE STRUCTURE FOR: Services
#

DROP TABLE IF EXISTS `Services`;

CREATE TABLE `Services` (
  `id` int(11) NOT NULL AUTO_INCREMENT,
  `Title` varchar(45) COLLATE utf8mb4_unicode_ci DEFAULT NULL,
  `Tariff` varchar(45) COLLATE utf8mb4_unicode_ci DEFAULT NULL,
  `Food` varchar(45) COLLATE utf8mb4_unicode_ci DEFAULT NULL,
  `Storage_id` int(11) NOT NULL,
  PRIMARY KEY (`id`),
  KEY `fk_Services_Storage1_idx` (`Storage_id`),
  CONSTRAINT `fk_Services_Storage1` FOREIGN KEY (`Storage_id`) REFERENCES `Storage` (`id`) ON DELETE NO ACTION ON UPDATE NO ACTION
) ENGINE=InnoDB AUTO_INCREMENT=101 DEFAULT CHARSET=utf8mb4 COLLATE=utf8mb4_unicode_ci;

INSERT INTO `Services` (`id`, `Title`, `Tariff`, `Food`, `Storage_id`) VALUES (1, 'veniam', 'fugiat', 'facere', 1);
INSERT INTO `Services` (`id`, `Title`, `Tariff`, `Food`, `Storage_id`) VALUES (2, 'ut', 'veritatis', 'consequatur', 2);
INSERT INTO `Services` (`id`, `Title`, `Tariff`, `Food`, `Storage_id`) VALUES (3, 'ab', 'eveniet', 'optio', 3);
INSERT INTO `Services` (`id`, `Title`, `Tariff`, `Food`, `Storage_id`) VALUES (4, 'praesentium', 'a', 'omnis', 4);
INSERT INTO `Services` (`id`, `Title`, `Tariff`, `Food`, `Storage_id`) VALUES (5, 'pariatur', 'sed', 'at', 5);
INSERT INTO `Services` (`id`, `Title`, `Tariff`, `Food`, `Storage_id`) VALUES (6, 'natus', 'facere', 'sit', 6);
INSERT INTO `Services` (`id`, `Title`, `Tariff`, `Food`, `Storage_id`) VALUES (7, 'at', 'dolorem', 'earum', 7);
INSERT INTO `Services` (`id`, `Title`, `Tariff`, `Food`, `Storage_id`) VALUES (8, 'velit', 'quaerat', 'esse', 8);
INSERT INTO `Services` (`id`, `Title`, `Tariff`, `Food`, `Storage_id`) VALUES (9, 'id', 'est', 'nihil', 9);
INSERT INTO `Services` (`id`, `Title`, `Tariff`, `Food`, `Storage_id`) VALUES (10, 'reiciendis', 'animi', 'aut', 10);
INSERT INTO `Services` (`id`, `Title`, `Tariff`, `Food`, `Storage_id`) VALUES (11, 'accusamus', 'labore', 'sed', 11);
INSERT INTO `Services` (`id`, `Title`, `Tariff`, `Food`, `Storage_id`) VALUES (12, 'saepe', 'similique', 'sapiente', 12);
INSERT INTO `Services` (`id`, `Title`, `Tariff`, `Food`, `Storage_id`) VALUES (13, 'earum', 'doloremque', 'fugit', 13);
INSERT INTO `Services` (`id`, `Title`, `Tariff`, `Food`, `Storage_id`) VALUES (14, 'officiis', 'consectetur', 'magni', 14);
INSERT INTO `Services` (`id`, `Title`, `Tariff`, `Food`, `Storage_id`) VALUES (15, 'sint', 'sint', 'porro', 15);
INSERT INTO `Services` (`id`, `Title`, `Tariff`, `Food`, `Storage_id`) VALUES (16, 'aspernatur', 'repellat', 'numquam', 16);
INSERT INTO `Services` (`id`, `Title`, `Tariff`, `Food`, `Storage_id`) VALUES (17, 'voluptatibus', 'nam', 'dolorum', 17);
INSERT INTO `Services` (`id`, `Title`, `Tariff`, `Food`, `Storage_id`) VALUES (18, 'ab', 'eos', 'voluptate', 18);
INSERT INTO `Services` (`id`, `Title`, `Tariff`, `Food`, `Storage_id`) VALUES (19, 'saepe', 'eveniet', 'ratione', 19);
INSERT INTO `Services` (`id`, `Title`, `Tariff`, `Food`, `Storage_id`) VALUES (20, 'dicta', 'nobis', 'alias', 20);
INSERT INTO `Services` (`id`, `Title`, `Tariff`, `Food`, `Storage_id`) VALUES (21, 'distinctio', 'adipisci', 'voluptatem', 21);
INSERT INTO `Services` (`id`, `Title`, `Tariff`, `Food`, `Storage_id`) VALUES (22, 'natus', 'vero', 'recusandae', 22);
INSERT INTO `Services` (`id`, `Title`, `Tariff`, `Food`, `Storage_id`) VALUES (23, 'sed', 'placeat', 'optio', 23);
INSERT INTO `Services` (`id`, `Title`, `Tariff`, `Food`, `Storage_id`) VALUES (24, 'dolorum', 'culpa', 'impedit', 24);
INSERT INTO `Services` (`id`, `Title`, `Tariff`, `Food`, `Storage_id`) VALUES (25, 'velit', 'aliquam', 'consequatur', 25);
INSERT INTO `Services` (`id`, `Title`, `Tariff`, `Food`, `Storage_id`) VALUES (26, 'odio', 'qui', 'iste', 26);
INSERT INTO `Services` (`id`, `Title`, `Tariff`, `Food`, `Storage_id`) VALUES (27, 'explicabo', 'qui', 'commodi', 27);
INSERT INTO `Services` (`id`, `Title`, `Tariff`, `Food`, `Storage_id`) VALUES (28, 'molestiae', 'officia', 'molestiae', 28);
INSERT INTO `Services` (`id`, `Title`, `Tariff`, `Food`, `Storage_id`) VALUES (29, 'odit', 'voluptatem', 'facilis', 29);
INSERT INTO `Services` (`id`, `Title`, `Tariff`, `Food`, `Storage_id`) VALUES (30, 'hic', 'recusandae', 'labore', 30);
INSERT INTO `Services` (`id`, `Title`, `Tariff`, `Food`, `Storage_id`) VALUES (31, 'debitis', 'ad', 'quam', 31);
INSERT INTO `Services` (`id`, `Title`, `Tariff`, `Food`, `Storage_id`) VALUES (32, 'perferendis', 'et', 'deleniti', 32);
INSERT INTO `Services` (`id`, `Title`, `Tariff`, `Food`, `Storage_id`) VALUES (33, 'atque', 'repellendus', 'sint', 33);
INSERT INTO `Services` (`id`, `Title`, `Tariff`, `Food`, `Storage_id`) VALUES (34, 'aliquam', 'amet', 'eaque', 34);
INSERT INTO `Services` (`id`, `Title`, `Tariff`, `Food`, `Storage_id`) VALUES (35, 'nesciunt', 'est', 'consequatur', 35);
INSERT INTO `Services` (`id`, `Title`, `Tariff`, `Food`, `Storage_id`) VALUES (36, 'veniam', 'aut', 'et', 36);
INSERT INTO `Services` (`id`, `Title`, `Tariff`, `Food`, `Storage_id`) VALUES (37, 'qui', 'sed', 'asperiores', 37);
INSERT INTO `Services` (`id`, `Title`, `Tariff`, `Food`, `Storage_id`) VALUES (38, 'soluta', 'sed', 'maiores', 38);
INSERT INTO `Services` (`id`, `Title`, `Tariff`, `Food`, `Storage_id`) VALUES (39, 'quidem', 'cumque', 'et', 39);
INSERT INTO `Services` (`id`, `Title`, `Tariff`, `Food`, `Storage_id`) VALUES (40, 'voluptas', 'distinctio', 'non', 40);
INSERT INTO `Services` (`id`, `Title`, `Tariff`, `Food`, `Storage_id`) VALUES (41, 'sequi', 'sed', 'id', 41);
INSERT INTO `Services` (`id`, `Title`, `Tariff`, `Food`, `Storage_id`) VALUES (42, 'porro', 'vero', 'qui', 42);
INSERT INTO `Services` (`id`, `Title`, `Tariff`, `Food`, `Storage_id`) VALUES (43, 'mollitia', 'voluptates', 'vitae', 43);
INSERT INTO `Services` (`id`, `Title`, `Tariff`, `Food`, `Storage_id`) VALUES (44, 'laborum', 'aut', 'occaecati', 44);
INSERT INTO `Services` (`id`, `Title`, `Tariff`, `Food`, `Storage_id`) VALUES (45, 'illum', 'molestiae', 'libero', 45);
INSERT INTO `Services` (`id`, `Title`, `Tariff`, `Food`, `Storage_id`) VALUES (46, 'recusandae', 'et', 'perspiciatis', 46);
INSERT INTO `Services` (`id`, `Title`, `Tariff`, `Food`, `Storage_id`) VALUES (47, 'molestiae', 'laboriosam', 'numquam', 47);
INSERT INTO `Services` (`id`, `Title`, `Tariff`, `Food`, `Storage_id`) VALUES (48, 'soluta', 'quis', 'laborum', 48);
INSERT INTO `Services` (`id`, `Title`, `Tariff`, `Food`, `Storage_id`) VALUES (49, 'facilis', 'voluptatem', 'quia', 49);
INSERT INTO `Services` (`id`, `Title`, `Tariff`, `Food`, `Storage_id`) VALUES (50, 'quod', 'rem', 'eaque', 50);
INSERT INTO `Services` (`id`, `Title`, `Tariff`, `Food`, `Storage_id`) VALUES (51, 'et', 'qui', 'omnis', 51);
INSERT INTO `Services` (`id`, `Title`, `Tariff`, `Food`, `Storage_id`) VALUES (52, 'ex', 'et', 'dicta', 52);
INSERT INTO `Services` (`id`, `Title`, `Tariff`, `Food`, `Storage_id`) VALUES (53, 'impedit', 'voluptatibus', 'saepe', 53);
INSERT INTO `Services` (`id`, `Title`, `Tariff`, `Food`, `Storage_id`) VALUES (54, 'veritatis', 'quos', 'eligendi', 54);
INSERT INTO `Services` (`id`, `Title`, `Tariff`, `Food`, `Storage_id`) VALUES (55, 'minus', 'alias', 'est', 55);
INSERT INTO `Services` (`id`, `Title`, `Tariff`, `Food`, `Storage_id`) VALUES (56, 'nisi', 'sit', 'et', 56);
INSERT INTO `Services` (`id`, `Title`, `Tariff`, `Food`, `Storage_id`) VALUES (57, 'doloremque', 'ducimus', 'hic', 57);
INSERT INTO `Services` (`id`, `Title`, `Tariff`, `Food`, `Storage_id`) VALUES (58, 'molestiae', 'et', 'ut', 58);
INSERT INTO `Services` (`id`, `Title`, `Tariff`, `Food`, `Storage_id`) VALUES (59, 'illo', 'nobis', 'dolorem', 59);
INSERT INTO `Services` (`id`, `Title`, `Tariff`, `Food`, `Storage_id`) VALUES (60, 'corporis', 'perferendis', 'iste', 60);
INSERT INTO `Services` (`id`, `Title`, `Tariff`, `Food`, `Storage_id`) VALUES (61, 'enim', 'laborum', 'illo', 61);
INSERT INTO `Services` (`id`, `Title`, `Tariff`, `Food`, `Storage_id`) VALUES (62, 'et', 'quia', 'expedita', 62);
INSERT INTO `Services` (`id`, `Title`, `Tariff`, `Food`, `Storage_id`) VALUES (63, 'eos', 'eos', 'eius', 63);
INSERT INTO `Services` (`id`, `Title`, `Tariff`, `Food`, `Storage_id`) VALUES (64, 'iure', 'corporis', 'autem', 64);
INSERT INTO `Services` (`id`, `Title`, `Tariff`, `Food`, `Storage_id`) VALUES (65, 'amet', 'in', 'eum', 65);
INSERT INTO `Services` (`id`, `Title`, `Tariff`, `Food`, `Storage_id`) VALUES (66, 'et', 'quos', 'illo', 66);
INSERT INTO `Services` (`id`, `Title`, `Tariff`, `Food`, `Storage_id`) VALUES (67, 'quae', 'sit', 'quidem', 67);
INSERT INTO `Services` (`id`, `Title`, `Tariff`, `Food`, `Storage_id`) VALUES (68, 'consequatur', 'voluptatibus', 'minus', 68);
INSERT INTO `Services` (`id`, `Title`, `Tariff`, `Food`, `Storage_id`) VALUES (69, 'et', 'asperiores', 'aliquam', 69);
INSERT INTO `Services` (`id`, `Title`, `Tariff`, `Food`, `Storage_id`) VALUES (70, 'labore', 'quibusdam', 'totam', 70);
INSERT INTO `Services` (`id`, `Title`, `Tariff`, `Food`, `Storage_id`) VALUES (71, 'quaerat', 'autem', 'consequatur', 71);
INSERT INTO `Services` (`id`, `Title`, `Tariff`, `Food`, `Storage_id`) VALUES (72, 'temporibus', 'molestias', 'dolores', 72);
INSERT INTO `Services` (`id`, `Title`, `Tariff`, `Food`, `Storage_id`) VALUES (73, 'voluptatibus', 'a', 'ut', 73);
INSERT INTO `Services` (`id`, `Title`, `Tariff`, `Food`, `Storage_id`) VALUES (74, 'est', 'ut', 'nobis', 74);
INSERT INTO `Services` (`id`, `Title`, `Tariff`, `Food`, `Storage_id`) VALUES (75, 'porro', 'inventore', 'alias', 75);
INSERT INTO `Services` (`id`, `Title`, `Tariff`, `Food`, `Storage_id`) VALUES (76, 'debitis', 'tempora', 'saepe', 76);
INSERT INTO `Services` (`id`, `Title`, `Tariff`, `Food`, `Storage_id`) VALUES (77, 'sint', 'est', 'impedit', 77);
INSERT INTO `Services` (`id`, `Title`, `Tariff`, `Food`, `Storage_id`) VALUES (78, 'et', 'molestias', 'voluptas', 78);
INSERT INTO `Services` (`id`, `Title`, `Tariff`, `Food`, `Storage_id`) VALUES (79, 'natus', 'natus', 'velit', 79);
INSERT INTO `Services` (`id`, `Title`, `Tariff`, `Food`, `Storage_id`) VALUES (80, 'voluptate', 'doloribus', 'aut', 80);
INSERT INTO `Services` (`id`, `Title`, `Tariff`, `Food`, `Storage_id`) VALUES (81, 'ut', 'in', 'non', 81);
INSERT INTO `Services` (`id`, `Title`, `Tariff`, `Food`, `Storage_id`) VALUES (82, 'ut', 'error', 'consequatur', 82);
INSERT INTO `Services` (`id`, `Title`, `Tariff`, `Food`, `Storage_id`) VALUES (83, 'dolores', 'enim', 'et', 83);
INSERT INTO `Services` (`id`, `Title`, `Tariff`, `Food`, `Storage_id`) VALUES (84, 'occaecati', 'ducimus', 'iste', 84);
INSERT INTO `Services` (`id`, `Title`, `Tariff`, `Food`, `Storage_id`) VALUES (85, 'voluptas', 'modi', 'repellat', 85);
INSERT INTO `Services` (`id`, `Title`, `Tariff`, `Food`, `Storage_id`) VALUES (86, 'molestias', 'esse', 'eligendi', 86);
INSERT INTO `Services` (`id`, `Title`, `Tariff`, `Food`, `Storage_id`) VALUES (87, 'minus', 'et', 'culpa', 87);
INSERT INTO `Services` (`id`, `Title`, `Tariff`, `Food`, `Storage_id`) VALUES (88, 'impedit', 'nihil', 'pariatur', 88);
INSERT INTO `Services` (`id`, `Title`, `Tariff`, `Food`, `Storage_id`) VALUES (89, 'velit', 'sequi', 'nihil', 89);
INSERT INTO `Services` (`id`, `Title`, `Tariff`, `Food`, `Storage_id`) VALUES (90, 'ut', 'odio', 'quia', 90);
INSERT INTO `Services` (`id`, `Title`, `Tariff`, `Food`, `Storage_id`) VALUES (91, 'recusandae', 'amet', 'nisi', 91);
INSERT INTO `Services` (`id`, `Title`, `Tariff`, `Food`, `Storage_id`) VALUES (92, 'voluptas', 'ipsa', 'expedita', 92);
INSERT INTO `Services` (`id`, `Title`, `Tariff`, `Food`, `Storage_id`) VALUES (93, 'deserunt', 'in', 'consequatur', 93);
INSERT INTO `Services` (`id`, `Title`, `Tariff`, `Food`, `Storage_id`) VALUES (94, 'occaecati', 'repellat', 'excepturi', 94);
INSERT INTO `Services` (`id`, `Title`, `Tariff`, `Food`, `Storage_id`) VALUES (95, 'et', 'rerum', 'qui', 95);
INSERT INTO `Services` (`id`, `Title`, `Tariff`, `Food`, `Storage_id`) VALUES (96, 'nisi', 'tempora', 'et', 96);
INSERT INTO `Services` (`id`, `Title`, `Tariff`, `Food`, `Storage_id`) VALUES (97, 'eos', 'omnis', 'voluptatem', 97);
INSERT INTO `Services` (`id`, `Title`, `Tariff`, `Food`, `Storage_id`) VALUES (98, 'delectus', 'eum', 'est', 98);
INSERT INTO `Services` (`id`, `Title`, `Tariff`, `Food`, `Storage_id`) VALUES (99, 'et', 'voluptatibus', 'assumenda', 99);
INSERT INTO `Services` (`id`, `Title`, `Tariff`, `Food`, `Storage_id`) VALUES (100, 'impedit', 'eveniet', 'delectus', 100);


#
# TABLE STRUCTURE FOR: Storage
#

DROP TABLE IF EXISTS `Storage`;

CREATE TABLE `Storage` (
  `id` int(11) NOT NULL AUTO_INCREMENT,
  `Title` varchar(45) COLLATE utf8mb4_unicode_ci DEFAULT NULL,
  `Quantity` varchar(45) COLLATE utf8mb4_unicode_ci DEFAULT NULL,
  PRIMARY KEY (`id`)
) ENGINE=InnoDB AUTO_INCREMENT=101 DEFAULT CHARSET=utf8mb4 COLLATE=utf8mb4_unicode_ci;

INSERT INTO `Storage` (`id`, `Title`, `Quantity`) VALUES (1, 'dolores', '4581');
INSERT INTO `Storage` (`id`, `Title`, `Quantity`) VALUES (2, 'labore', '1501');
INSERT INTO `Storage` (`id`, `Title`, `Quantity`) VALUES (3, 'sint', '8162');
INSERT INTO `Storage` (`id`, `Title`, `Quantity`) VALUES (4, 'quod', '9017');
INSERT INTO `Storage` (`id`, `Title`, `Quantity`) VALUES (5, 'voluptatum', '9034');
INSERT INTO `Storage` (`id`, `Title`, `Quantity`) VALUES (6, 'corrupti', '6868');
INSERT INTO `Storage` (`id`, `Title`, `Quantity`) VALUES (7, 'velit', '8644');
INSERT INTO `Storage` (`id`, `Title`, `Quantity`) VALUES (8, 'reiciendis', '7830');
INSERT INTO `Storage` (`id`, `Title`, `Quantity`) VALUES (9, 'in', '8252');
INSERT INTO `Storage` (`id`, `Title`, `Quantity`) VALUES (10, 'officiis', '8076');
INSERT INTO `Storage` (`id`, `Title`, `Quantity`) VALUES (11, 'aut', '7338');
INSERT INTO `Storage` (`id`, `Title`, `Quantity`) VALUES (12, 'non', '208');
INSERT INTO `Storage` (`id`, `Title`, `Quantity`) VALUES (13, 'corporis', '9466');
INSERT INTO `Storage` (`id`, `Title`, `Quantity`) VALUES (14, 'occaecati', '1315');
INSERT INTO `Storage` (`id`, `Title`, `Quantity`) VALUES (15, 'omnis', '1874');
INSERT INTO `Storage` (`id`, `Title`, `Quantity`) VALUES (16, 'molestiae', '6661');
INSERT INTO `Storage` (`id`, `Title`, `Quantity`) VALUES (17, 'provident', '3618');
INSERT INTO `Storage` (`id`, `Title`, `Quantity`) VALUES (18, 'voluptas', '8144');
INSERT INTO `Storage` (`id`, `Title`, `Quantity`) VALUES (19, 'at', '4721');
INSERT INTO `Storage` (`id`, `Title`, `Quantity`) VALUES (20, 'sunt', '3639');
INSERT INTO `Storage` (`id`, `Title`, `Quantity`) VALUES (21, 'reprehenderit', '2259');
INSERT INTO `Storage` (`id`, `Title`, `Quantity`) VALUES (22, 'soluta', '4898');
INSERT INTO `Storage` (`id`, `Title`, `Quantity`) VALUES (23, 'enim', '3864');
INSERT INTO `Storage` (`id`, `Title`, `Quantity`) VALUES (24, 'iste', '995');
INSERT INTO `Storage` (`id`, `Title`, `Quantity`) VALUES (25, 'rem', '535');
INSERT INTO `Storage` (`id`, `Title`, `Quantity`) VALUES (26, 'dolorum', '5650');
INSERT INTO `Storage` (`id`, `Title`, `Quantity`) VALUES (27, 'sed', '9365');
INSERT INTO `Storage` (`id`, `Title`, `Quantity`) VALUES (28, 'repellat', '9379');
INSERT INTO `Storage` (`id`, `Title`, `Quantity`) VALUES (29, 'doloremque', '1671');
INSERT INTO `Storage` (`id`, `Title`, `Quantity`) VALUES (30, 'voluptatem', '3469');
INSERT INTO `Storage` (`id`, `Title`, `Quantity`) VALUES (31, 'asperiores', '198');
INSERT INTO `Storage` (`id`, `Title`, `Quantity`) VALUES (32, 'quas', '7019');
INSERT INTO `Storage` (`id`, `Title`, `Quantity`) VALUES (33, 'quidem', '220');
INSERT INTO `Storage` (`id`, `Title`, `Quantity`) VALUES (34, 'minima', '4793');
INSERT INTO `Storage` (`id`, `Title`, `Quantity`) VALUES (35, 'autem', '5404');
INSERT INTO `Storage` (`id`, `Title`, `Quantity`) VALUES (36, 'commodi', '5652');
INSERT INTO `Storage` (`id`, `Title`, `Quantity`) VALUES (37, 'expedita', '4397');
INSERT INTO `Storage` (`id`, `Title`, `Quantity`) VALUES (38, 'ratione', '3411');
INSERT INTO `Storage` (`id`, `Title`, `Quantity`) VALUES (39, 'dicta', '6376');
INSERT INTO `Storage` (`id`, `Title`, `Quantity`) VALUES (40, 'nobis', '8096');
INSERT INTO `Storage` (`id`, `Title`, `Quantity`) VALUES (41, 'dolorem', '4444');
INSERT INTO `Storage` (`id`, `Title`, `Quantity`) VALUES (42, 'nisi', '1913');
INSERT INTO `Storage` (`id`, `Title`, `Quantity`) VALUES (43, 'ut', '1283');
INSERT INTO `Storage` (`id`, `Title`, `Quantity`) VALUES (44, 'est', '1922');
INSERT INTO `Storage` (`id`, `Title`, `Quantity`) VALUES (45, 'amet', '4752');
INSERT INTO `Storage` (`id`, `Title`, `Quantity`) VALUES (46, 'ipsum', '3006');
INSERT INTO `Storage` (`id`, `Title`, `Quantity`) VALUES (47, 'ullam', '623');
INSERT INTO `Storage` (`id`, `Title`, `Quantity`) VALUES (48, 'et', '2611');
INSERT INTO `Storage` (`id`, `Title`, `Quantity`) VALUES (49, 'tempora', '1454');
INSERT INTO `Storage` (`id`, `Title`, `Quantity`) VALUES (50, 'temporibus', '8520');
INSERT INTO `Storage` (`id`, `Title`, `Quantity`) VALUES (51, 'voluptate', '8878');
INSERT INTO `Storage` (`id`, `Title`, `Quantity`) VALUES (52, 'molestias', '8943');
INSERT INTO `Storage` (`id`, `Title`, `Quantity`) VALUES (53, 'adipisci', '7915');
INSERT INTO `Storage` (`id`, `Title`, `Quantity`) VALUES (54, 'sit', '1810');
INSERT INTO `Storage` (`id`, `Title`, `Quantity`) VALUES (55, 'eum', '3368');
INSERT INTO `Storage` (`id`, `Title`, `Quantity`) VALUES (56, 'magni', '5006');
INSERT INTO `Storage` (`id`, `Title`, `Quantity`) VALUES (57, 'quia', '6467');
INSERT INTO `Storage` (`id`, `Title`, `Quantity`) VALUES (58, 'facilis', '9173');
INSERT INTO `Storage` (`id`, `Title`, `Quantity`) VALUES (59, 'facere', '897');
INSERT INTO `Storage` (`id`, `Title`, `Quantity`) VALUES (60, 'illum', '8272');
INSERT INTO `Storage` (`id`, `Title`, `Quantity`) VALUES (61, 'consequatur', '9842');
INSERT INTO `Storage` (`id`, `Title`, `Quantity`) VALUES (62, 'accusantium', '9402');
INSERT INTO `Storage` (`id`, `Title`, `Quantity`) VALUES (63, 'illo', '4887');
INSERT INTO `Storage` (`id`, `Title`, `Quantity`) VALUES (64, 'delectus', '8972');
INSERT INTO `Storage` (`id`, `Title`, `Quantity`) VALUES (65, 'ad', '2698');
INSERT INTO `Storage` (`id`, `Title`, `Quantity`) VALUES (66, 'nulla', '1595');
INSERT INTO `Storage` (`id`, `Title`, `Quantity`) VALUES (67, 'consequuntur', '9943');
INSERT INTO `Storage` (`id`, `Title`, `Quantity`) VALUES (68, 'recusandae', '9002');
INSERT INTO `Storage` (`id`, `Title`, `Quantity`) VALUES (69, 'numquam', '9397');
INSERT INTO `Storage` (`id`, `Title`, `Quantity`) VALUES (70, 'ex', '4685');
INSERT INTO `Storage` (`id`, `Title`, `Quantity`) VALUES (71, 'unde', '2743');
INSERT INTO `Storage` (`id`, `Title`, `Quantity`) VALUES (72, 'iure', '4643');
INSERT INTO `Storage` (`id`, `Title`, `Quantity`) VALUES (73, 'pariatur', '4831');
INSERT INTO `Storage` (`id`, `Title`, `Quantity`) VALUES (74, 'vel', '5099');
INSERT INTO `Storage` (`id`, `Title`, `Quantity`) VALUES (75, 'laborum', '6760');
INSERT INTO `Storage` (`id`, `Title`, `Quantity`) VALUES (76, 'quibusdam', '9377');
INSERT INTO `Storage` (`id`, `Title`, `Quantity`) VALUES (77, 'neque', '9750');
INSERT INTO `Storage` (`id`, `Title`, `Quantity`) VALUES (78, 'nihil', '980');
INSERT INTO `Storage` (`id`, `Title`, `Quantity`) VALUES (79, 'natus', '287');
INSERT INTO `Storage` (`id`, `Title`, `Quantity`) VALUES (80, 'impedit', '3932');
INSERT INTO `Storage` (`id`, `Title`, `Quantity`) VALUES (81, 'exercitationem', '4646');
INSERT INTO `Storage` (`id`, `Title`, `Quantity`) VALUES (82, 'eos', '6964');
INSERT INTO `Storage` (`id`, `Title`, `Quantity`) VALUES (83, 'rerum', '2925');
INSERT INTO `Storage` (`id`, `Title`, `Quantity`) VALUES (84, 'vero', '12');
INSERT INTO `Storage` (`id`, `Title`, `Quantity`) VALUES (85, 'fugiat', '1517');
INSERT INTO `Storage` (`id`, `Title`, `Quantity`) VALUES (86, 'eligendi', '8780');
INSERT INTO `Storage` (`id`, `Title`, `Quantity`) VALUES (87, 'officia', '3490');
INSERT INTO `Storage` (`id`, `Title`, `Quantity`) VALUES (88, 'maiores', '2940');
INSERT INTO `Storage` (`id`, `Title`, `Quantity`) VALUES (89, 'totam', '162');
INSERT INTO `Storage` (`id`, `Title`, `Quantity`) VALUES (90, 'nam', '2668');
INSERT INTO `Storage` (`id`, `Title`, `Quantity`) VALUES (91, 'maxime', '5955');
INSERT INTO `Storage` (`id`, `Title`, `Quantity`) VALUES (92, 'esse', '8309');
INSERT INTO `Storage` (`id`, `Title`, `Quantity`) VALUES (93, 'id', '8481');
INSERT INTO `Storage` (`id`, `Title`, `Quantity`) VALUES (94, 'ducimus', '8119');
INSERT INTO `Storage` (`id`, `Title`, `Quantity`) VALUES (95, 'quo', '9220');
INSERT INTO `Storage` (`id`, `Title`, `Quantity`) VALUES (96, 'minus', '924');
INSERT INTO `Storage` (`id`, `Title`, `Quantity`) VALUES (97, 'aperiam', '7016');
INSERT INTO `Storage` (`id`, `Title`, `Quantity`) VALUES (98, 'aliquam', '4838');
INSERT INTO `Storage` (`id`, `Title`, `Quantity`) VALUES (99, 'qui', '3719');
INSERT INTO `Storage` (`id`, `Title`, `Quantity`) VALUES (100, 'dolore', '8577');


#
# TABLE STRUCTURE FOR: Vacancies
#

DROP TABLE IF EXISTS `Vacancies`;

CREATE TABLE `Vacancies` (
  `id` int(11) NOT NULL AUTO_INCREMENT,
  `Free` varchar(45) COLLATE utf8mb4_unicode_ci DEFAULT NULL,
  `Time_to_release` varchar(45) COLLATE utf8mb4_unicode_ci DEFAULT NULL,
  `Computer_id` int(11) NOT NULL,
  `Consoles_id` int(11) NOT NULL,
  PRIMARY KEY (`id`),
  KEY `fk_Vacancies_Computer1_idx` (`Computer_id`),
  KEY `fk_Vacancies_Consoles1_idx` (`Consoles_id`),
  CONSTRAINT `fk_Vacancies_Computer1` FOREIGN KEY (`Computer_id`) REFERENCES `Computer` (`id`) ON DELETE NO ACTION ON UPDATE NO ACTION,
  CONSTRAINT `fk_Vacancies_Consoles1` FOREIGN KEY (`Consoles_id`) REFERENCES `Consoles` (`id`) ON DELETE NO ACTION ON UPDATE NO ACTION
) ENGINE=InnoDB AUTO_INCREMENT=101 DEFAULT CHARSET=utf8mb4 COLLATE=utf8mb4_unicode_ci;

INSERT INTO `Vacancies` (`id`, `Free`, `Time_to_release`, `Computer_id`, `Consoles_id`) VALUES (1, '-', '08:57:42', 1, 1);
INSERT INTO `Vacancies` (`id`, `Free`, `Time_to_release`, `Computer_id`, `Consoles_id`) VALUES (2, '+', '12:54:48', 2, 2);
INSERT INTO `Vacancies` (`id`, `Free`, `Time_to_release`, `Computer_id`, `Consoles_id`) VALUES (3, '-', '23:04:42', 3, 3);
INSERT INTO `Vacancies` (`id`, `Free`, `Time_to_release`, `Computer_id`, `Consoles_id`) VALUES (4, '+', '23:01:04', 4, 4);
INSERT INTO `Vacancies` (`id`, `Free`, `Time_to_release`, `Computer_id`, `Consoles_id`) VALUES (5, '+', '05:03:05', 5, 5);
INSERT INTO `Vacancies` (`id`, `Free`, `Time_to_release`, `Computer_id`, `Consoles_id`) VALUES (6, '+', '17:44:57', 6, 6);
INSERT INTO `Vacancies` (`id`, `Free`, `Time_to_release`, `Computer_id`, `Consoles_id`) VALUES (7, '+', '09:06:03', 7, 7);
INSERT INTO `Vacancies` (`id`, `Free`, `Time_to_release`, `Computer_id`, `Consoles_id`) VALUES (8, '-', '23:15:24', 8, 8);
INSERT INTO `Vacancies` (`id`, `Free`, `Time_to_release`, `Computer_id`, `Consoles_id`) VALUES (9, '-', '08:54:27', 9, 9);
INSERT INTO `Vacancies` (`id`, `Free`, `Time_to_release`, `Computer_id`, `Consoles_id`) VALUES (10, '+', '21:11:34', 10, 10);
INSERT INTO `Vacancies` (`id`, `Free`, `Time_to_release`, `Computer_id`, `Consoles_id`) VALUES (11, '-', '18:44:47', 11, 11);
INSERT INTO `Vacancies` (`id`, `Free`, `Time_to_release`, `Computer_id`, `Consoles_id`) VALUES (12, '+', '01:57:49', 12, 12);
INSERT INTO `Vacancies` (`id`, `Free`, `Time_to_release`, `Computer_id`, `Consoles_id`) VALUES (13, '-', '23:43:36', 13, 13);
INSERT INTO `Vacancies` (`id`, `Free`, `Time_to_release`, `Computer_id`, `Consoles_id`) VALUES (14, '+', '15:33:21', 14, 14);
INSERT INTO `Vacancies` (`id`, `Free`, `Time_to_release`, `Computer_id`, `Consoles_id`) VALUES (15, '+', '14:12:10', 15, 15);
INSERT INTO `Vacancies` (`id`, `Free`, `Time_to_release`, `Computer_id`, `Consoles_id`) VALUES (16, '+', '08:54:46', 16, 16);
INSERT INTO `Vacancies` (`id`, `Free`, `Time_to_release`, `Computer_id`, `Consoles_id`) VALUES (17, '+', '15:43:17', 17, 17);
INSERT INTO `Vacancies` (`id`, `Free`, `Time_to_release`, `Computer_id`, `Consoles_id`) VALUES (18, '-', '05:01:18', 18, 18);
INSERT INTO `Vacancies` (`id`, `Free`, `Time_to_release`, `Computer_id`, `Consoles_id`) VALUES (19, '-', '21:06:11', 19, 19);
INSERT INTO `Vacancies` (`id`, `Free`, `Time_to_release`, `Computer_id`, `Consoles_id`) VALUES (20, '+', '01:05:13', 20, 20);
INSERT INTO `Vacancies` (`id`, `Free`, `Time_to_release`, `Computer_id`, `Consoles_id`) VALUES (21, '-', '14:15:10', 21, 21);
INSERT INTO `Vacancies` (`id`, `Free`, `Time_to_release`, `Computer_id`, `Consoles_id`) VALUES (22, '+', '05:49:08', 22, 22);
INSERT INTO `Vacancies` (`id`, `Free`, `Time_to_release`, `Computer_id`, `Consoles_id`) VALUES (23, '+', '06:26:36', 23, 23);
INSERT INTO `Vacancies` (`id`, `Free`, `Time_to_release`, `Computer_id`, `Consoles_id`) VALUES (24, '-', '01:29:06', 24, 24);
INSERT INTO `Vacancies` (`id`, `Free`, `Time_to_release`, `Computer_id`, `Consoles_id`) VALUES (25, '+', '12:21:35', 25, 25);
INSERT INTO `Vacancies` (`id`, `Free`, `Time_to_release`, `Computer_id`, `Consoles_id`) VALUES (26, '-', '09:07:27', 26, 26);
INSERT INTO `Vacancies` (`id`, `Free`, `Time_to_release`, `Computer_id`, `Consoles_id`) VALUES (27, '+', '05:49:46', 27, 27);
INSERT INTO `Vacancies` (`id`, `Free`, `Time_to_release`, `Computer_id`, `Consoles_id`) VALUES (28, '+', '12:56:55', 28, 28);
INSERT INTO `Vacancies` (`id`, `Free`, `Time_to_release`, `Computer_id`, `Consoles_id`) VALUES (29, '+', '10:33:31', 29, 29);
INSERT INTO `Vacancies` (`id`, `Free`, `Time_to_release`, `Computer_id`, `Consoles_id`) VALUES (30, '+', '16:45:18', 30, 30);
INSERT INTO `Vacancies` (`id`, `Free`, `Time_to_release`, `Computer_id`, `Consoles_id`) VALUES (31, '-', '14:59:46', 31, 31);
INSERT INTO `Vacancies` (`id`, `Free`, `Time_to_release`, `Computer_id`, `Consoles_id`) VALUES (32, '+', '02:33:10', 32, 32);
INSERT INTO `Vacancies` (`id`, `Free`, `Time_to_release`, `Computer_id`, `Consoles_id`) VALUES (33, '+', '20:38:01', 33, 33);
INSERT INTO `Vacancies` (`id`, `Free`, `Time_to_release`, `Computer_id`, `Consoles_id`) VALUES (34, '+', '14:22:10', 34, 34);
INSERT INTO `Vacancies` (`id`, `Free`, `Time_to_release`, `Computer_id`, `Consoles_id`) VALUES (35, '+', '00:39:24', 35, 35);
INSERT INTO `Vacancies` (`id`, `Free`, `Time_to_release`, `Computer_id`, `Consoles_id`) VALUES (36, '+', '10:13:23', 36, 36);
INSERT INTO `Vacancies` (`id`, `Free`, `Time_to_release`, `Computer_id`, `Consoles_id`) VALUES (37, '-', '07:54:23', 37, 37);
INSERT INTO `Vacancies` (`id`, `Free`, `Time_to_release`, `Computer_id`, `Consoles_id`) VALUES (38, '+', '15:32:11', 38, 38);
INSERT INTO `Vacancies` (`id`, `Free`, `Time_to_release`, `Computer_id`, `Consoles_id`) VALUES (39, '-', '16:24:09', 39, 39);
INSERT INTO `Vacancies` (`id`, `Free`, `Time_to_release`, `Computer_id`, `Consoles_id`) VALUES (40, '+', '06:55:48', 40, 40);
INSERT INTO `Vacancies` (`id`, `Free`, `Time_to_release`, `Computer_id`, `Consoles_id`) VALUES (41, '-', '13:24:31', 41, 41);
INSERT INTO `Vacancies` (`id`, `Free`, `Time_to_release`, `Computer_id`, `Consoles_id`) VALUES (42, '+', '10:50:45', 42, 42);
INSERT INTO `Vacancies` (`id`, `Free`, `Time_to_release`, `Computer_id`, `Consoles_id`) VALUES (43, '+', '21:03:12', 43, 43);
INSERT INTO `Vacancies` (`id`, `Free`, `Time_to_release`, `Computer_id`, `Consoles_id`) VALUES (44, '+', '23:57:15', 44, 44);
INSERT INTO `Vacancies` (`id`, `Free`, `Time_to_release`, `Computer_id`, `Consoles_id`) VALUES (45, '+', '16:34:03', 45, 45);
INSERT INTO `Vacancies` (`id`, `Free`, `Time_to_release`, `Computer_id`, `Consoles_id`) VALUES (46, '-', '06:07:12', 46, 46);
INSERT INTO `Vacancies` (`id`, `Free`, `Time_to_release`, `Computer_id`, `Consoles_id`) VALUES (47, '+', '19:37:24', 47, 47);
INSERT INTO `Vacancies` (`id`, `Free`, `Time_to_release`, `Computer_id`, `Consoles_id`) VALUES (48, '+', '10:21:43', 48, 48);
INSERT INTO `Vacancies` (`id`, `Free`, `Time_to_release`, `Computer_id`, `Consoles_id`) VALUES (49, '-', '18:53:06', 49, 49);
INSERT INTO `Vacancies` (`id`, `Free`, `Time_to_release`, `Computer_id`, `Consoles_id`) VALUES (50, '+', '08:19:46', 50, 50);
INSERT INTO `Vacancies` (`id`, `Free`, `Time_to_release`, `Computer_id`, `Consoles_id`) VALUES (51, '-', '13:53:13', 51, 51);
INSERT INTO `Vacancies` (`id`, `Free`, `Time_to_release`, `Computer_id`, `Consoles_id`) VALUES (52, '+', '14:50:35', 52, 52);
INSERT INTO `Vacancies` (`id`, `Free`, `Time_to_release`, `Computer_id`, `Consoles_id`) VALUES (53, '-', '12:33:04', 53, 53);
INSERT INTO `Vacancies` (`id`, `Free`, `Time_to_release`, `Computer_id`, `Consoles_id`) VALUES (54, '+', '14:07:08', 54, 54);
INSERT INTO `Vacancies` (`id`, `Free`, `Time_to_release`, `Computer_id`, `Consoles_id`) VALUES (55, '-', '10:22:49', 55, 55);
INSERT INTO `Vacancies` (`id`, `Free`, `Time_to_release`, `Computer_id`, `Consoles_id`) VALUES (56, '+', '09:30:05', 56, 56);
INSERT INTO `Vacancies` (`id`, `Free`, `Time_to_release`, `Computer_id`, `Consoles_id`) VALUES (57, '-', '17:53:27', 57, 57);
INSERT INTO `Vacancies` (`id`, `Free`, `Time_to_release`, `Computer_id`, `Consoles_id`) VALUES (58, '-', '16:20:56', 58, 58);
INSERT INTO `Vacancies` (`id`, `Free`, `Time_to_release`, `Computer_id`, `Consoles_id`) VALUES (59, '+', '18:10:37', 59, 59);
INSERT INTO `Vacancies` (`id`, `Free`, `Time_to_release`, `Computer_id`, `Consoles_id`) VALUES (60, '+', '23:20:33', 60, 60);
INSERT INTO `Vacancies` (`id`, `Free`, `Time_to_release`, `Computer_id`, `Consoles_id`) VALUES (61, '+', '11:00:06', 61, 61);
INSERT INTO `Vacancies` (`id`, `Free`, `Time_to_release`, `Computer_id`, `Consoles_id`) VALUES (62, '-', '16:45:10', 62, 62);
INSERT INTO `Vacancies` (`id`, `Free`, `Time_to_release`, `Computer_id`, `Consoles_id`) VALUES (63, '+', '10:22:02', 63, 63);
INSERT INTO `Vacancies` (`id`, `Free`, `Time_to_release`, `Computer_id`, `Consoles_id`) VALUES (64, '-', '02:56:42', 64, 64);
INSERT INTO `Vacancies` (`id`, `Free`, `Time_to_release`, `Computer_id`, `Consoles_id`) VALUES (65, '-', '20:24:33', 65, 65);
INSERT INTO `Vacancies` (`id`, `Free`, `Time_to_release`, `Computer_id`, `Consoles_id`) VALUES (66, '-', '05:24:31', 66, 66);
INSERT INTO `Vacancies` (`id`, `Free`, `Time_to_release`, `Computer_id`, `Consoles_id`) VALUES (67, '-', '13:57:31', 67, 67);
INSERT INTO `Vacancies` (`id`, `Free`, `Time_to_release`, `Computer_id`, `Consoles_id`) VALUES (68, '-', '05:14:53', 68, 68);
INSERT INTO `Vacancies` (`id`, `Free`, `Time_to_release`, `Computer_id`, `Consoles_id`) VALUES (69, '-', '13:11:51', 69, 69);
INSERT INTO `Vacancies` (`id`, `Free`, `Time_to_release`, `Computer_id`, `Consoles_id`) VALUES (70, '-', '06:54:07', 70, 70);
INSERT INTO `Vacancies` (`id`, `Free`, `Time_to_release`, `Computer_id`, `Consoles_id`) VALUES (71, '-', '18:22:10', 71, 71);
INSERT INTO `Vacancies` (`id`, `Free`, `Time_to_release`, `Computer_id`, `Consoles_id`) VALUES (72, '+', '10:18:59', 72, 72);
INSERT INTO `Vacancies` (`id`, `Free`, `Time_to_release`, `Computer_id`, `Consoles_id`) VALUES (73, '+', '12:54:51', 73, 73);
INSERT INTO `Vacancies` (`id`, `Free`, `Time_to_release`, `Computer_id`, `Consoles_id`) VALUES (74, '+', '02:08:02', 74, 74);
INSERT INTO `Vacancies` (`id`, `Free`, `Time_to_release`, `Computer_id`, `Consoles_id`) VALUES (75, '+', '23:39:22', 75, 75);
INSERT INTO `Vacancies` (`id`, `Free`, `Time_to_release`, `Computer_id`, `Consoles_id`) VALUES (76, '-', '06:11:46', 76, 76);
INSERT INTO `Vacancies` (`id`, `Free`, `Time_to_release`, `Computer_id`, `Consoles_id`) VALUES (77, '-', '16:30:54', 77, 77);
INSERT INTO `Vacancies` (`id`, `Free`, `Time_to_release`, `Computer_id`, `Consoles_id`) VALUES (78, '+', '23:24:18', 78, 78);
INSERT INTO `Vacancies` (`id`, `Free`, `Time_to_release`, `Computer_id`, `Consoles_id`) VALUES (79, '+', '15:27:40', 79, 79);
INSERT INTO `Vacancies` (`id`, `Free`, `Time_to_release`, `Computer_id`, `Consoles_id`) VALUES (80, '+', '21:40:29', 80, 80);
INSERT INTO `Vacancies` (`id`, `Free`, `Time_to_release`, `Computer_id`, `Consoles_id`) VALUES (81, '+', '14:47:19', 81, 81);
INSERT INTO `Vacancies` (`id`, `Free`, `Time_to_release`, `Computer_id`, `Consoles_id`) VALUES (82, '+', '07:33:28', 82, 82);
INSERT INTO `Vacancies` (`id`, `Free`, `Time_to_release`, `Computer_id`, `Consoles_id`) VALUES (83, '-', '23:23:35', 83, 83);
INSERT INTO `Vacancies` (`id`, `Free`, `Time_to_release`, `Computer_id`, `Consoles_id`) VALUES (84, '+', '17:02:33', 84, 84);
INSERT INTO `Vacancies` (`id`, `Free`, `Time_to_release`, `Computer_id`, `Consoles_id`) VALUES (85, '-', '02:41:17', 85, 85);
INSERT INTO `Vacancies` (`id`, `Free`, `Time_to_release`, `Computer_id`, `Consoles_id`) VALUES (86, '+', '09:15:04', 86, 86);
INSERT INTO `Vacancies` (`id`, `Free`, `Time_to_release`, `Computer_id`, `Consoles_id`) VALUES (87, '-', '02:09:50', 87, 87);
INSERT INTO `Vacancies` (`id`, `Free`, `Time_to_release`, `Computer_id`, `Consoles_id`) VALUES (88, '-', '14:44:47', 88, 88);
INSERT INTO `Vacancies` (`id`, `Free`, `Time_to_release`, `Computer_id`, `Consoles_id`) VALUES (89, '-', '10:01:36', 89, 89);
INSERT INTO `Vacancies` (`id`, `Free`, `Time_to_release`, `Computer_id`, `Consoles_id`) VALUES (90, '+', '12:46:02', 90, 90);
INSERT INTO `Vacancies` (`id`, `Free`, `Time_to_release`, `Computer_id`, `Consoles_id`) VALUES (91, '+', '22:28:01', 91, 91);
INSERT INTO `Vacancies` (`id`, `Free`, `Time_to_release`, `Computer_id`, `Consoles_id`) VALUES (92, '-', '15:57:21', 92, 92);
INSERT INTO `Vacancies` (`id`, `Free`, `Time_to_release`, `Computer_id`, `Consoles_id`) VALUES (93, '-', '09:23:57', 93, 93);
INSERT INTO `Vacancies` (`id`, `Free`, `Time_to_release`, `Computer_id`, `Consoles_id`) VALUES (94, '+', '20:36:54', 94, 94);
INSERT INTO `Vacancies` (`id`, `Free`, `Time_to_release`, `Computer_id`, `Consoles_id`) VALUES (95, '-', '00:13:26', 95, 95);
INSERT INTO `Vacancies` (`id`, `Free`, `Time_to_release`, `Computer_id`, `Consoles_id`) VALUES (96, '+', '18:46:23', 96, 96);
INSERT INTO `Vacancies` (`id`, `Free`, `Time_to_release`, `Computer_id`, `Consoles_id`) VALUES (97, '-', '00:54:29', 97, 97);
INSERT INTO `Vacancies` (`id`, `Free`, `Time_to_release`, `Computer_id`, `Consoles_id`) VALUES (98, '-', '00:27:52', 98, 98);
INSERT INTO `Vacancies` (`id`, `Free`, `Time_to_release`, `Computer_id`, `Consoles_id`) VALUES (99, '+', '13:50:51', 99, 99);
INSERT INTO `Vacancies` (`id`, `Free`, `Time_to_release`, `Computer_id`, `Consoles_id`) VALUES (100, '+', '11:54:46', 100, 100);


#
# TABLE STRUCTURE FOR: Visit
#

DROP TABLE IF EXISTS `Visit`;

CREATE TABLE `Visit` (
  `id` int(11) NOT NULL AUTO_INCREMENT,
  `Date_and_time_of_rental` datetime NOT NULL,
  `Duration` time NOT NULL,
  `Price` int(11) NOT NULL,
  `Player_Information_id` int(11) NOT NULL,
  `Employees_id` int(11) NOT NULL,
  `Platform_id` int(11) NOT NULL,
  `Services_id` int(11) NOT NULL,
  PRIMARY KEY (`id`),
  KEY `fk__Player_Information1_idx` (`Player_Information_id`),
  KEY `fk_Visit_Employees1_idx` (`Employees_id`),
  KEY `fk_Visit_Platform1_idx` (`Platform_id`),
  KEY `fk_Visit_Services1_idx` (`Services_id`),
  CONSTRAINT `fk_Visit_Employees1` FOREIGN KEY (`Employees_id`) REFERENCES `Employees` (`id`) ON DELETE NO ACTION ON UPDATE NO ACTION,
  CONSTRAINT `fk_Visit_Platform1` FOREIGN KEY (`Platform_id`) REFERENCES `Platform` (`id`) ON DELETE NO ACTION ON UPDATE NO ACTION,
  CONSTRAINT `fk_Visit_Services1` FOREIGN KEY (`Services_id`) REFERENCES `Services` (`id`) ON DELETE NO ACTION ON UPDATE NO ACTION,
  CONSTRAINT `fk__Player_Information1` FOREIGN KEY (`Player_Information_id`) REFERENCES `Player_Information` (`id`) ON DELETE NO ACTION ON UPDATE NO ACTION
) ENGINE=InnoDB AUTO_INCREMENT=101 DEFAULT CHARSET=utf8mb4 COLLATE=utf8mb4_unicode_ci;

INSERT INTO `Visit` (`id`, `Date_and_time_of_rental`, `Duration`, `Price`, `Player_Information_id`, `Employees_id`, `Platform_id`, `Services_id`) VALUES (1, '2008-05-19 03:44:56', '18:59:37', 154603, 1, 1, 1, 1);
INSERT INTO `Visit` (`id`, `Date_and_time_of_rental`, `Duration`, `Price`, `Player_Information_id`, `Employees_id`, `Platform_id`, `Services_id`) VALUES (2, '1981-01-18 04:02:10', '18:22:09', 47941, 2, 2, 2, 2);
INSERT INTO `Visit` (`id`, `Date_and_time_of_rental`, `Duration`, `Price`, `Player_Information_id`, `Employees_id`, `Platform_id`, `Services_id`) VALUES (3, '1996-04-22 00:04:05', '14:05:28', 93866, 3, 3, 3, 3);
INSERT INTO `Visit` (`id`, `Date_and_time_of_rental`, `Duration`, `Price`, `Player_Information_id`, `Employees_id`, `Platform_id`, `Services_id`) VALUES (4, '2001-07-08 09:50:37', '12:33:36', 216575, 4, 4, 4, 4);
INSERT INTO `Visit` (`id`, `Date_and_time_of_rental`, `Duration`, `Price`, `Player_Information_id`, `Employees_id`, `Platform_id`, `Services_id`) VALUES (5, '1971-05-24 09:42:52', '21:43:23', 137680, 5, 5, 5, 5);
INSERT INTO `Visit` (`id`, `Date_and_time_of_rental`, `Duration`, `Price`, `Player_Information_id`, `Employees_id`, `Platform_id`, `Services_id`) VALUES (6, '1993-05-23 13:04:23', '23:52:02', 216556, 6, 6, 6, 6);
INSERT INTO `Visit` (`id`, `Date_and_time_of_rental`, `Duration`, `Price`, `Player_Information_id`, `Employees_id`, `Platform_id`, `Services_id`) VALUES (7, '2016-11-28 08:42:30', '05:06:04', 286741, 7, 7, 7, 7);
INSERT INTO `Visit` (`id`, `Date_and_time_of_rental`, `Duration`, `Price`, `Player_Information_id`, `Employees_id`, `Platform_id`, `Services_id`) VALUES (8, '1971-01-27 05:01:28', '15:25:13', 220466, 8, 8, 8, 8);
INSERT INTO `Visit` (`id`, `Date_and_time_of_rental`, `Duration`, `Price`, `Player_Information_id`, `Employees_id`, `Platform_id`, `Services_id`) VALUES (9, '1998-07-08 23:00:07', '01:19:12', 73381, 9, 9, 9, 9);
INSERT INTO `Visit` (`id`, `Date_and_time_of_rental`, `Duration`, `Price`, `Player_Information_id`, `Employees_id`, `Platform_id`, `Services_id`) VALUES (10, '1982-03-01 03:00:58', '23:34:24', 239110, 10, 10, 10, 10);
INSERT INTO `Visit` (`id`, `Date_and_time_of_rental`, `Duration`, `Price`, `Player_Information_id`, `Employees_id`, `Platform_id`, `Services_id`) VALUES (11, '1982-11-18 12:55:25', '08:02:37', 290950, 11, 11, 11, 11);
INSERT INTO `Visit` (`id`, `Date_and_time_of_rental`, `Duration`, `Price`, `Player_Information_id`, `Employees_id`, `Platform_id`, `Services_id`) VALUES (12, '1992-05-29 04:20:05', '17:37:23', 12356, 12, 12, 12, 12);
INSERT INTO `Visit` (`id`, `Date_and_time_of_rental`, `Duration`, `Price`, `Player_Information_id`, `Employees_id`, `Platform_id`, `Services_id`) VALUES (13, '1975-10-03 09:19:13', '21:06:21', 229947, 13, 13, 13, 13);
INSERT INTO `Visit` (`id`, `Date_and_time_of_rental`, `Duration`, `Price`, `Player_Information_id`, `Employees_id`, `Platform_id`, `Services_id`) VALUES (14, '1979-01-24 06:42:16', '10:57:52', 109525, 14, 14, 14, 14);
INSERT INTO `Visit` (`id`, `Date_and_time_of_rental`, `Duration`, `Price`, `Player_Information_id`, `Employees_id`, `Platform_id`, `Services_id`) VALUES (15, '2014-04-05 19:55:16', '06:03:57', 75076, 15, 15, 15, 15);
INSERT INTO `Visit` (`id`, `Date_and_time_of_rental`, `Duration`, `Price`, `Player_Information_id`, `Employees_id`, `Platform_id`, `Services_id`) VALUES (16, '1971-10-08 12:13:39', '21:20:20', 281573, 16, 16, 16, 16);
INSERT INTO `Visit` (`id`, `Date_and_time_of_rental`, `Duration`, `Price`, `Player_Information_id`, `Employees_id`, `Platform_id`, `Services_id`) VALUES (17, '1991-08-23 03:23:51', '07:01:12', 90702, 17, 17, 17, 17);
INSERT INTO `Visit` (`id`, `Date_and_time_of_rental`, `Duration`, `Price`, `Player_Information_id`, `Employees_id`, `Platform_id`, `Services_id`) VALUES (18, '1979-05-10 12:01:58', '16:42:09', 147630, 18, 18, 18, 18);
INSERT INTO `Visit` (`id`, `Date_and_time_of_rental`, `Duration`, `Price`, `Player_Information_id`, `Employees_id`, `Platform_id`, `Services_id`) VALUES (19, '1971-09-15 06:05:29', '17:32:36', 54994, 19, 19, 19, 19);
INSERT INTO `Visit` (`id`, `Date_and_time_of_rental`, `Duration`, `Price`, `Player_Information_id`, `Employees_id`, `Platform_id`, `Services_id`) VALUES (20, '1975-10-31 03:01:03', '10:45:27', 101215, 20, 20, 20, 20);
INSERT INTO `Visit` (`id`, `Date_and_time_of_rental`, `Duration`, `Price`, `Player_Information_id`, `Employees_id`, `Platform_id`, `Services_id`) VALUES (21, '1991-02-01 22:01:42', '08:20:00', 170691, 21, 21, 21, 21);
INSERT INTO `Visit` (`id`, `Date_and_time_of_rental`, `Duration`, `Price`, `Player_Information_id`, `Employees_id`, `Platform_id`, `Services_id`) VALUES (22, '2017-01-28 07:53:40', '08:20:35', 236033, 22, 22, 22, 22);
INSERT INTO `Visit` (`id`, `Date_and_time_of_rental`, `Duration`, `Price`, `Player_Information_id`, `Employees_id`, `Platform_id`, `Services_id`) VALUES (23, '1994-09-29 08:25:19', '08:02:18', 298009, 23, 23, 23, 23);
INSERT INTO `Visit` (`id`, `Date_and_time_of_rental`, `Duration`, `Price`, `Player_Information_id`, `Employees_id`, `Platform_id`, `Services_id`) VALUES (24, '1974-04-12 20:52:07', '15:06:36', 111292, 24, 24, 24, 24);
INSERT INTO `Visit` (`id`, `Date_and_time_of_rental`, `Duration`, `Price`, `Player_Information_id`, `Employees_id`, `Platform_id`, `Services_id`) VALUES (25, '1984-03-24 12:07:15', '08:00:32', 249649, 25, 25, 25, 25);
INSERT INTO `Visit` (`id`, `Date_and_time_of_rental`, `Duration`, `Price`, `Player_Information_id`, `Employees_id`, `Platform_id`, `Services_id`) VALUES (26, '2013-08-11 11:47:19', '22:22:13', 282526, 26, 26, 26, 26);
INSERT INTO `Visit` (`id`, `Date_and_time_of_rental`, `Duration`, `Price`, `Player_Information_id`, `Employees_id`, `Platform_id`, `Services_id`) VALUES (27, '2000-01-05 12:16:39', '07:48:25', 17245, 27, 27, 27, 27);
INSERT INTO `Visit` (`id`, `Date_and_time_of_rental`, `Duration`, `Price`, `Player_Information_id`, `Employees_id`, `Platform_id`, `Services_id`) VALUES (28, '1992-10-16 16:18:37', '04:03:09', 69054, 28, 28, 28, 28);
INSERT INTO `Visit` (`id`, `Date_and_time_of_rental`, `Duration`, `Price`, `Player_Information_id`, `Employees_id`, `Platform_id`, `Services_id`) VALUES (29, '2009-10-29 02:06:54', '22:03:38', 221929, 29, 29, 29, 29);
INSERT INTO `Visit` (`id`, `Date_and_time_of_rental`, `Duration`, `Price`, `Player_Information_id`, `Employees_id`, `Platform_id`, `Services_id`) VALUES (30, '1984-02-05 22:15:31', '14:06:12', 91423, 30, 30, 30, 30);
INSERT INTO `Visit` (`id`, `Date_and_time_of_rental`, `Duration`, `Price`, `Player_Information_id`, `Employees_id`, `Platform_id`, `Services_id`) VALUES (31, '2005-02-17 05:23:38', '05:50:23', 281785, 31, 31, 31, 31);
INSERT INTO `Visit` (`id`, `Date_and_time_of_rental`, `Duration`, `Price`, `Player_Information_id`, `Employees_id`, `Platform_id`, `Services_id`) VALUES (32, '1980-12-24 00:43:34', '19:13:15', 138272, 32, 32, 32, 32);
INSERT INTO `Visit` (`id`, `Date_and_time_of_rental`, `Duration`, `Price`, `Player_Information_id`, `Employees_id`, `Platform_id`, `Services_id`) VALUES (33, '2003-09-06 09:59:04', '07:08:16', 160933, 33, 33, 33, 33);
INSERT INTO `Visit` (`id`, `Date_and_time_of_rental`, `Duration`, `Price`, `Player_Information_id`, `Employees_id`, `Platform_id`, `Services_id`) VALUES (34, '2007-04-02 21:24:31', '10:11:47', 102567, 34, 34, 34, 34);
INSERT INTO `Visit` (`id`, `Date_and_time_of_rental`, `Duration`, `Price`, `Player_Information_id`, `Employees_id`, `Platform_id`, `Services_id`) VALUES (35, '1992-02-25 21:19:37', '22:17:58', 102319, 35, 35, 35, 35);
INSERT INTO `Visit` (`id`, `Date_and_time_of_rental`, `Duration`, `Price`, `Player_Information_id`, `Employees_id`, `Platform_id`, `Services_id`) VALUES (36, '1975-11-06 00:29:42', '19:03:40', 10631, 36, 36, 36, 36);
INSERT INTO `Visit` (`id`, `Date_and_time_of_rental`, `Duration`, `Price`, `Player_Information_id`, `Employees_id`, `Platform_id`, `Services_id`) VALUES (37, '2015-07-09 18:46:41', '20:21:32', 26060, 37, 37, 37, 37);
INSERT INTO `Visit` (`id`, `Date_and_time_of_rental`, `Duration`, `Price`, `Player_Information_id`, `Employees_id`, `Platform_id`, `Services_id`) VALUES (38, '2005-02-08 10:25:52', '11:56:33', 103179, 38, 38, 38, 38);
INSERT INTO `Visit` (`id`, `Date_and_time_of_rental`, `Duration`, `Price`, `Player_Information_id`, `Employees_id`, `Platform_id`, `Services_id`) VALUES (39, '1977-07-01 05:17:06', '13:54:09', 60706, 39, 39, 39, 39);
INSERT INTO `Visit` (`id`, `Date_and_time_of_rental`, `Duration`, `Price`, `Player_Information_id`, `Employees_id`, `Platform_id`, `Services_id`) VALUES (40, '1979-05-03 19:10:30', '12:37:11', 108651, 40, 40, 40, 40);
INSERT INTO `Visit` (`id`, `Date_and_time_of_rental`, `Duration`, `Price`, `Player_Information_id`, `Employees_id`, `Platform_id`, `Services_id`) VALUES (41, '1980-02-11 00:39:24', '11:20:18', 91170, 41, 41, 41, 41);
INSERT INTO `Visit` (`id`, `Date_and_time_of_rental`, `Duration`, `Price`, `Player_Information_id`, `Employees_id`, `Platform_id`, `Services_id`) VALUES (42, '2005-09-29 20:26:04', '22:56:37', 34051, 42, 42, 42, 42);
INSERT INTO `Visit` (`id`, `Date_and_time_of_rental`, `Duration`, `Price`, `Player_Information_id`, `Employees_id`, `Platform_id`, `Services_id`) VALUES (43, '2000-04-21 20:15:35', '00:56:15', 176189, 43, 43, 43, 43);
INSERT INTO `Visit` (`id`, `Date_and_time_of_rental`, `Duration`, `Price`, `Player_Information_id`, `Employees_id`, `Platform_id`, `Services_id`) VALUES (44, '1997-09-25 15:23:00', '00:46:56', 118320, 44, 44, 44, 44);
INSERT INTO `Visit` (`id`, `Date_and_time_of_rental`, `Duration`, `Price`, `Player_Information_id`, `Employees_id`, `Platform_id`, `Services_id`) VALUES (45, '2000-11-18 21:59:30', '02:35:17', 293539, 45, 45, 45, 45);
INSERT INTO `Visit` (`id`, `Date_and_time_of_rental`, `Duration`, `Price`, `Player_Information_id`, `Employees_id`, `Platform_id`, `Services_id`) VALUES (46, '1970-02-17 06:40:19', '13:42:53', 23270, 46, 46, 46, 46);
INSERT INTO `Visit` (`id`, `Date_and_time_of_rental`, `Duration`, `Price`, `Player_Information_id`, `Employees_id`, `Platform_id`, `Services_id`) VALUES (47, '2021-02-14 11:52:27', '12:14:45', 182212, 47, 47, 47, 47);
INSERT INTO `Visit` (`id`, `Date_and_time_of_rental`, `Duration`, `Price`, `Player_Information_id`, `Employees_id`, `Platform_id`, `Services_id`) VALUES (48, '1989-04-15 16:03:48', '16:45:51', 203830, 48, 48, 48, 48);
INSERT INTO `Visit` (`id`, `Date_and_time_of_rental`, `Duration`, `Price`, `Player_Information_id`, `Employees_id`, `Platform_id`, `Services_id`) VALUES (49, '1985-10-31 19:32:23', '17:18:30', 49431, 49, 49, 49, 49);
INSERT INTO `Visit` (`id`, `Date_and_time_of_rental`, `Duration`, `Price`, `Player_Information_id`, `Employees_id`, `Platform_id`, `Services_id`) VALUES (50, '1980-03-15 13:33:55', '13:42:27', 238328, 50, 50, 50, 50);
INSERT INTO `Visit` (`id`, `Date_and_time_of_rental`, `Duration`, `Price`, `Player_Information_id`, `Employees_id`, `Platform_id`, `Services_id`) VALUES (51, '1984-04-10 13:56:43', '11:55:07', 162973, 51, 51, 51, 51);
INSERT INTO `Visit` (`id`, `Date_and_time_of_rental`, `Duration`, `Price`, `Player_Information_id`, `Employees_id`, `Platform_id`, `Services_id`) VALUES (52, '1983-11-03 03:02:00', '00:52:45', 249304, 52, 52, 52, 52);
INSERT INTO `Visit` (`id`, `Date_and_time_of_rental`, `Duration`, `Price`, `Player_Information_id`, `Employees_id`, `Platform_id`, `Services_id`) VALUES (53, '1984-06-13 03:45:04', '12:57:33', 222834, 53, 53, 53, 53);
INSERT INTO `Visit` (`id`, `Date_and_time_of_rental`, `Duration`, `Price`, `Player_Information_id`, `Employees_id`, `Platform_id`, `Services_id`) VALUES (54, '1995-02-19 04:15:36', '15:37:21', 296976, 54, 54, 54, 54);
INSERT INTO `Visit` (`id`, `Date_and_time_of_rental`, `Duration`, `Price`, `Player_Information_id`, `Employees_id`, `Platform_id`, `Services_id`) VALUES (55, '1996-04-15 07:31:49', '04:37:21', 159711, 55, 55, 55, 55);
INSERT INTO `Visit` (`id`, `Date_and_time_of_rental`, `Duration`, `Price`, `Player_Information_id`, `Employees_id`, `Platform_id`, `Services_id`) VALUES (56, '1983-08-14 05:09:21', '19:31:57', 20876, 56, 56, 56, 56);
INSERT INTO `Visit` (`id`, `Date_and_time_of_rental`, `Duration`, `Price`, `Player_Information_id`, `Employees_id`, `Platform_id`, `Services_id`) VALUES (57, '1985-10-27 10:17:37', '19:05:27', 103765, 57, 57, 57, 57);
INSERT INTO `Visit` (`id`, `Date_and_time_of_rental`, `Duration`, `Price`, `Player_Information_id`, `Employees_id`, `Platform_id`, `Services_id`) VALUES (58, '1997-06-03 08:21:55', '16:45:04', 87005, 58, 58, 58, 58);
INSERT INTO `Visit` (`id`, `Date_and_time_of_rental`, `Duration`, `Price`, `Player_Information_id`, `Employees_id`, `Platform_id`, `Services_id`) VALUES (59, '1994-07-07 21:20:08', '15:18:59', 19236, 59, 59, 59, 59);
INSERT INTO `Visit` (`id`, `Date_and_time_of_rental`, `Duration`, `Price`, `Player_Information_id`, `Employees_id`, `Platform_id`, `Services_id`) VALUES (60, '2013-05-10 21:41:43', '10:31:36', 109891, 60, 60, 60, 60);
INSERT INTO `Visit` (`id`, `Date_and_time_of_rental`, `Duration`, `Price`, `Player_Information_id`, `Employees_id`, `Platform_id`, `Services_id`) VALUES (61, '1996-01-17 23:33:00', '07:30:01', 70574, 61, 61, 61, 61);
INSERT INTO `Visit` (`id`, `Date_and_time_of_rental`, `Duration`, `Price`, `Player_Information_id`, `Employees_id`, `Platform_id`, `Services_id`) VALUES (62, '1982-04-03 10:59:38', '21:15:19', 207174, 62, 62, 62, 62);
INSERT INTO `Visit` (`id`, `Date_and_time_of_rental`, `Duration`, `Price`, `Player_Information_id`, `Employees_id`, `Platform_id`, `Services_id`) VALUES (63, '1985-05-31 02:16:34', '10:43:20', 285890, 63, 63, 63, 63);
INSERT INTO `Visit` (`id`, `Date_and_time_of_rental`, `Duration`, `Price`, `Player_Information_id`, `Employees_id`, `Platform_id`, `Services_id`) VALUES (64, '2004-11-02 19:02:03', '11:27:03', 262125, 64, 64, 64, 64);
INSERT INTO `Visit` (`id`, `Date_and_time_of_rental`, `Duration`, `Price`, `Player_Information_id`, `Employees_id`, `Platform_id`, `Services_id`) VALUES (65, '2020-05-14 06:38:24', '16:30:11', 230985, 65, 65, 65, 65);
INSERT INTO `Visit` (`id`, `Date_and_time_of_rental`, `Duration`, `Price`, `Player_Information_id`, `Employees_id`, `Platform_id`, `Services_id`) VALUES (66, '1999-08-05 15:32:36', '04:05:32', 279296, 66, 66, 66, 66);
INSERT INTO `Visit` (`id`, `Date_and_time_of_rental`, `Duration`, `Price`, `Player_Information_id`, `Employees_id`, `Platform_id`, `Services_id`) VALUES (67, '1989-06-06 06:05:49', '00:32:45', 207119, 67, 67, 67, 67);
INSERT INTO `Visit` (`id`, `Date_and_time_of_rental`, `Duration`, `Price`, `Player_Information_id`, `Employees_id`, `Platform_id`, `Services_id`) VALUES (68, '2019-08-10 20:13:48', '20:35:11', 209296, 68, 68, 68, 68);
INSERT INTO `Visit` (`id`, `Date_and_time_of_rental`, `Duration`, `Price`, `Player_Information_id`, `Employees_id`, `Platform_id`, `Services_id`) VALUES (69, '1979-05-15 22:19:13', '16:52:11', 64407, 69, 69, 69, 69);
INSERT INTO `Visit` (`id`, `Date_and_time_of_rental`, `Duration`, `Price`, `Player_Information_id`, `Employees_id`, `Platform_id`, `Services_id`) VALUES (70, '1978-02-12 13:56:17', '00:07:00', 261325, 70, 70, 70, 70);
INSERT INTO `Visit` (`id`, `Date_and_time_of_rental`, `Duration`, `Price`, `Player_Information_id`, `Employees_id`, `Platform_id`, `Services_id`) VALUES (71, '2001-09-12 10:22:54', '14:34:56', 264506, 71, 71, 71, 71);
INSERT INTO `Visit` (`id`, `Date_and_time_of_rental`, `Duration`, `Price`, `Player_Information_id`, `Employees_id`, `Platform_id`, `Services_id`) VALUES (72, '1986-11-15 22:10:10', '07:44:10', 206826, 72, 72, 72, 72);
INSERT INTO `Visit` (`id`, `Date_and_time_of_rental`, `Duration`, `Price`, `Player_Information_id`, `Employees_id`, `Platform_id`, `Services_id`) VALUES (73, '1972-12-21 08:56:06', '08:17:27', 275257, 73, 73, 73, 73);
INSERT INTO `Visit` (`id`, `Date_and_time_of_rental`, `Duration`, `Price`, `Player_Information_id`, `Employees_id`, `Platform_id`, `Services_id`) VALUES (74, '2006-01-04 05:34:11', '21:51:39', 138076, 74, 74, 74, 74);
INSERT INTO `Visit` (`id`, `Date_and_time_of_rental`, `Duration`, `Price`, `Player_Information_id`, `Employees_id`, `Platform_id`, `Services_id`) VALUES (75, '1974-03-07 07:14:21', '02:39:22', 267381, 75, 75, 75, 75);
INSERT INTO `Visit` (`id`, `Date_and_time_of_rental`, `Duration`, `Price`, `Player_Information_id`, `Employees_id`, `Platform_id`, `Services_id`) VALUES (76, '1976-05-12 06:53:25', '22:22:42', 74580, 76, 76, 76, 76);
INSERT INTO `Visit` (`id`, `Date_and_time_of_rental`, `Duration`, `Price`, `Player_Information_id`, `Employees_id`, `Platform_id`, `Services_id`) VALUES (77, '2006-06-22 21:50:45', '18:07:27', 119156, 77, 77, 77, 77);
INSERT INTO `Visit` (`id`, `Date_and_time_of_rental`, `Duration`, `Price`, `Player_Information_id`, `Employees_id`, `Platform_id`, `Services_id`) VALUES (78, '1993-01-21 12:29:05', '23:02:23', 218252, 78, 78, 78, 78);
INSERT INTO `Visit` (`id`, `Date_and_time_of_rental`, `Duration`, `Price`, `Player_Information_id`, `Employees_id`, `Platform_id`, `Services_id`) VALUES (79, '1983-02-12 23:43:03', '13:30:14', 233741, 79, 79, 79, 79);
INSERT INTO `Visit` (`id`, `Date_and_time_of_rental`, `Duration`, `Price`, `Player_Information_id`, `Employees_id`, `Platform_id`, `Services_id`) VALUES (80, '1989-02-03 08:10:18', '04:36:37', 177726, 80, 80, 80, 80);
INSERT INTO `Visit` (`id`, `Date_and_time_of_rental`, `Duration`, `Price`, `Player_Information_id`, `Employees_id`, `Platform_id`, `Services_id`) VALUES (81, '1993-09-12 21:16:40', '01:03:06', 60594, 81, 81, 81, 81);
INSERT INTO `Visit` (`id`, `Date_and_time_of_rental`, `Duration`, `Price`, `Player_Information_id`, `Employees_id`, `Platform_id`, `Services_id`) VALUES (82, '2011-02-19 12:24:49', '20:21:15', 6515, 82, 82, 82, 82);
INSERT INTO `Visit` (`id`, `Date_and_time_of_rental`, `Duration`, `Price`, `Player_Information_id`, `Employees_id`, `Platform_id`, `Services_id`) VALUES (83, '1976-01-31 05:39:11', '07:31:29', 103838, 83, 83, 83, 83);
INSERT INTO `Visit` (`id`, `Date_and_time_of_rental`, `Duration`, `Price`, `Player_Information_id`, `Employees_id`, `Platform_id`, `Services_id`) VALUES (84, '2000-02-23 15:24:33', '16:36:14', 136507, 84, 84, 84, 84);
INSERT INTO `Visit` (`id`, `Date_and_time_of_rental`, `Duration`, `Price`, `Player_Information_id`, `Employees_id`, `Platform_id`, `Services_id`) VALUES (85, '2003-02-14 15:43:03', '03:41:22', 115851, 85, 85, 85, 85);
INSERT INTO `Visit` (`id`, `Date_and_time_of_rental`, `Duration`, `Price`, `Player_Information_id`, `Employees_id`, `Platform_id`, `Services_id`) VALUES (86, '1984-01-20 05:10:21', '09:45:02', 217527, 86, 86, 86, 86);
INSERT INTO `Visit` (`id`, `Date_and_time_of_rental`, `Duration`, `Price`, `Player_Information_id`, `Employees_id`, `Platform_id`, `Services_id`) VALUES (87, '2013-11-29 22:12:27', '09:23:54', 212058, 87, 87, 87, 87);
INSERT INTO `Visit` (`id`, `Date_and_time_of_rental`, `Duration`, `Price`, `Player_Information_id`, `Employees_id`, `Platform_id`, `Services_id`) VALUES (88, '1973-12-27 12:31:52', '17:08:28', 203183, 88, 88, 88, 88);
INSERT INTO `Visit` (`id`, `Date_and_time_of_rental`, `Duration`, `Price`, `Player_Information_id`, `Employees_id`, `Platform_id`, `Services_id`) VALUES (89, '1998-12-06 16:50:44', '12:47:53', 157129, 89, 89, 89, 89);
INSERT INTO `Visit` (`id`, `Date_and_time_of_rental`, `Duration`, `Price`, `Player_Information_id`, `Employees_id`, `Platform_id`, `Services_id`) VALUES (90, '2015-02-22 15:38:21', '12:08:28', 264440, 90, 90, 90, 90);
INSERT INTO `Visit` (`id`, `Date_and_time_of_rental`, `Duration`, `Price`, `Player_Information_id`, `Employees_id`, `Platform_id`, `Services_id`) VALUES (91, '1976-06-25 12:17:24', '16:01:34', 38073, 91, 91, 91, 91);
INSERT INTO `Visit` (`id`, `Date_and_time_of_rental`, `Duration`, `Price`, `Player_Information_id`, `Employees_id`, `Platform_id`, `Services_id`) VALUES (92, '1971-07-10 20:50:54', '09:29:13', 225407, 92, 92, 92, 92);
INSERT INTO `Visit` (`id`, `Date_and_time_of_rental`, `Duration`, `Price`, `Player_Information_id`, `Employees_id`, `Platform_id`, `Services_id`) VALUES (93, '2020-04-16 16:10:52', '21:46:46', 237730, 93, 93, 93, 93);
INSERT INTO `Visit` (`id`, `Date_and_time_of_rental`, `Duration`, `Price`, `Player_Information_id`, `Employees_id`, `Platform_id`, `Services_id`) VALUES (94, '1974-11-14 11:14:26', '07:33:04', 272148, 94, 94, 94, 94);
INSERT INTO `Visit` (`id`, `Date_and_time_of_rental`, `Duration`, `Price`, `Player_Information_id`, `Employees_id`, `Platform_id`, `Services_id`) VALUES (95, '2004-12-19 16:15:25', '05:18:27', 186551, 95, 95, 95, 95);
INSERT INTO `Visit` (`id`, `Date_and_time_of_rental`, `Duration`, `Price`, `Player_Information_id`, `Employees_id`, `Platform_id`, `Services_id`) VALUES (96, '1986-06-14 19:16:24', '12:47:09', 239043, 96, 96, 96, 96);
INSERT INTO `Visit` (`id`, `Date_and_time_of_rental`, `Duration`, `Price`, `Player_Information_id`, `Employees_id`, `Platform_id`, `Services_id`) VALUES (97, '2019-06-18 02:36:34', '03:00:18', 90226, 97, 97, 97, 97);
INSERT INTO `Visit` (`id`, `Date_and_time_of_rental`, `Duration`, `Price`, `Player_Information_id`, `Employees_id`, `Platform_id`, `Services_id`) VALUES (98, '2020-03-20 06:35:52', '13:05:50', 153112, 98, 98, 98, 98);
INSERT INTO `Visit` (`id`, `Date_and_time_of_rental`, `Duration`, `Price`, `Player_Information_id`, `Employees_id`, `Platform_id`, `Services_id`) VALUES (99, '1972-04-03 18:38:27', '18:19:40', 123894, 99, 99, 99, 99);
INSERT INTO `Visit` (`id`, `Date_and_time_of_rental`, `Duration`, `Price`, `Player_Information_id`, `Employees_id`, `Platform_id`, `Services_id`) VALUES (100, '1985-10-19 11:39:57', '10:15:14', 136139, 100, 100, 100, 100);


